"frequency","Slope of conduction_velocity","Lower","Upper","Significance"
-56.2090176684306,-0.0423126487052399,-0.0798594203884892,-0.00476587702199063,"Significant"
-55.8862768923176,-0.0421925501798199,-0.0796889768841765,-0.00469612347546326,"Significant"
-55.5635361162047,-0.0420724516543999,-0.0795185814269996,-0.00462632188180017,"Significant"
-55.2407953400917,-0.0419523531289799,-0.0793482342108265,-0.00455647204713321,"Significant"
-54.9180545639787,-0.0418322546035598,-0.0791779354303824,-0.00448657377673727,"Significant"
-54.5953137878657,-0.0417121560781398,-0.0790076852812526,-0.00441662687502704,"Significant"
-54.2725730117528,-0.0415920575527198,-0.0788374839598859,-0.00434663114555374,"Significant"
-53.9498322356398,-0.0414719590272998,-0.0786673316635977,-0.0042765863910019,"Significant"
-53.6270914595268,-0.0413518605018798,-0.0784972285905735,-0.00420649241318612,"Significant"
-53.3043506834138,-0.0412317619764598,-0.0783271749398718,-0.00413634901304778,"Significant"
-52.9816099073009,-0.0411116634510398,-0.0781571709114277,-0.00406615599065186,"Significant"
-52.6588691311879,-0.0409915649256198,-0.0779872167060559,-0.00399591314518363,"Significant"
-52.3361283550749,-0.0408714664001997,-0.077817312525454,-0.00392562027494546,"Significant"
-52.0133875789619,-0.0407513678747797,-0.0776474585722059,-0.00385527717735359,"Significant"
-51.690646802849,-0.0406312693493597,-0.0774776550497846,-0.00378488364893485,"Significant"
-51.367906026736,-0.0405111708239397,-0.0773079021625559,-0.00371443948532348,"Significant"
-51.045165250623,-0.0403910722985197,-0.0771382001157815,-0.00364394448125787,"Significant"
-50.72242447451,-0.0402709737730997,-0.076968549115622,-0.00357339843057736,"Significant"
-50.3996836983971,-0.0401508752476797,-0.0767989493691403,-0.00350280112621898,"Significant"
-50.0769429222841,-0.0400307767222597,-0.076629401084305,-0.00343215236021429,"Significant"
-49.7542021461711,-0.0399106781968396,-0.0764599044699931,-0.00336145192368616,"Significant"
-49.4314613700581,-0.0397905796714196,-0.0762904597359937,-0.00329069960684552,"Significant"
-49.1087205939452,-0.0396704811459996,-0.076121067093011,-0.00321989519898822,"Significant"
-48.7859798178322,-0.0395503826205796,-0.0759517267526674,-0.00314903848849177,"Significant"
-48.4632390417192,-0.0394302840951596,-0.0757824389275069,-0.00307812926281226,"Significant"
-48.1404982656063,-0.0393101855697396,-0.0756132038309981,-0.00300716730848103,"Significant"
-47.8177574894933,-0.0391900870443196,-0.0754440216775375,-0.00293615241110164,"Significant"
-47.4950167133803,-0.0390699885188995,-0.0752748926824525,-0.00286508435534659,"Significant"
-47.1722759372673,-0.0389498899934795,-0.0751058170620048,-0.00279396292495424,"Significant"
-46.8495351611544,-0.0388297914680595,-0.0749367950333934,-0.00272278790272563,"Significant"
-46.5267943850414,-0.0387096929426395,-0.0747678268147577,-0.00265155907052132,"Significant"
-46.2040536089284,-0.0385895944172195,-0.0745989126251808,-0.00258027620925825,"Significant"
-45.8813128328154,-0.0384694958917995,-0.0744300526846923,-0.00250893909890666,"Significant"
-45.5585720567025,-0.0383493973663795,-0.074261247214272,-0.0024375475184869,"Significant"
-45.2358312805895,-0.0382292988409595,-0.0740924964358525,-0.00236610124606642,"Significant"
-44.9130905044765,-0.0381092003155394,-0.0739238005723223,-0.00229460005875659,"Significant"
-44.5903497283635,-0.0379891017901194,-0.0737551598475292,-0.00222304373270963,"Significant"
-44.2676089522506,-0.0378690032646994,-0.0735865744862833,-0.00215143204311556,"Significant"
-43.9448681761376,-0.0377489047392794,-0.0734180447143597,-0.0020797647641991,"Significant"
-43.6221274000246,-0.0376288062138594,-0.0732495707585021,-0.00200804166921666,"Significant"
-43.2993866239116,-0.0375087076884394,-0.0730811528464255,-0.00193626253045325,"Significant"
-42.9766458477987,-0.0373886091630194,-0.0729127912068192,-0.00186442711921948,"Significant"
-42.6539050716857,-0.0372685106375994,-0.0727444860693502,-0.00179253520584854,"Significant"
-42.3311642955727,-0.0371484121121793,-0.0725762376646654,-0.00172058655969323,"Significant"
-42.0084235194597,-0.0370283135867593,-0.0724080462243958,-0.00164858094912287,"Significant"
-41.6856827433468,-0.0369082150613393,-0.0722399119811582,-0.00157651814152044,"Significant"
-41.3629419672338,-0.0367881165359193,-0.072071835168559,-0.00150439790327959,"Significant"
-41.0402011911208,-0.0366680180104993,-0.0719038160211969,-0.00143221999980164,"Significant"
-40.7174604150078,-0.0365479194850793,-0.0717358547746658,-0.00135998419549271,"Significant"
-40.3947196388949,-0.0364278209596593,-0.0715679516655577,-0.00128769025376081,"Significant"
-40.0719788627819,-0.0363077224342393,-0.0714001069314656,-0.00121533793701289,"Significant"
-39.7492380866689,-0.0361876239088192,-0.0712323208109864,-0.00114292700665204,"Significant"
-39.4264973105559,-0.0360675253833992,-0.0710645935437239,-0.00107045722307456,"Significant"
-39.103756534443,-0.0359474268579792,-0.0708969253702913,-0.000997928345667157,"Significant"
-38.78101575833,-0.0358273283325592,-0.0707293165323143,-0.000925340132804091,"Significant"
-38.458274982217,-0.0357072298071392,-0.0705617672724339,-0.000852692341844444,"Significant"
-38.1355342061041,-0.0355871312817192,-0.0703942778343091,-0.00077998472912922,"Significant"
-37.8127934299911,-0.0354670327562992,-0.0702268484626196,-0.000707217049978684,"Significant"
-37.4900526538781,-0.0353469342308792,-0.0700594794030687,-0.00063438905868958,"Significant"
-37.1673118777651,-0.0352268357054591,-0.0698921709023859,-0.000561500508532389,"Significant"
-36.8445711016522,-0.0351067371800391,-0.0697249232083296,-0.000488551151748666,"Significant"
-36.5218303255392,-0.0349866386546191,-0.0695577365696899,-0.000415540739548352,"Significant"
-36.1990895494262,-0.0348665401291991,-0.0693906112362911,-0.000342469022107113,"Significant"
-35.8763487733132,-0.0347464416037791,-0.0692235474589945,-0.000269335748563707,"Significant"
-35.5536079972003,-0.0346263430783591,-0.0690565454897008,-0.000196140667017383,"Significant"
-35.2308672210873,-0.0345062445529391,-0.0688896055813528,-0.000122883524525323,"Significant"
-34.9081264449743,-0.034386146027519,-0.068722727987938,-4.95640671000566e-05,"Significant"
-34.5853856688613,-0.034266047502099,-0.0685559129644911,2.38179602930627e-05,"Insignificant"
-34.2626448927484,-0.034145948976679,-0.0683891607670964,9.72628137383483e-05,"Insignificant"
-33.9399041166354,-0.034025850451259,-0.0682224716528903,0.000170770750372251,"Insignificant"
-33.6171633405224,-0.033905751925839,-0.0680558458800638,0.000244342028385844,"Insignificant"
-33.2944225644094,-0.033785653400419,-0.0678892837078652,0.000317976907027166,"Insignificant"
-32.9716817882965,-0.033665554874999,-0.0677227853966016,0.000391675646603702,"Insignificant"
-32.6489410121835,-0.033545456349579,-0.0675563512076426,0.000465438508484677,"Insignificant"
-32.3262002360705,-0.0334253578241589,-0.0673899814034213,0.00053926575510338,"Insignificant"
-32.0034594599575,-0.0333052592987389,-0.0672236762474374,0.000613157649959534,"Insignificant"
-31.6807186838446,-0.0331851607733189,-0.0670574360042593,0.000687114457621443,"Insignificant"
-31.3579779077316,-0.0330650622478989,-0.0668912609395262,0.000761136443728369,"Insignificant"
-31.0352371316186,-0.0329449637224789,-0.0667251513199504,0.000835223874992595,"Insignificant"
-30.7124963555056,-0.0328248651970589,-0.0665591074133194,0.000909377019201664,"Insignificant"
-30.3897555793927,-0.0327047666716389,-0.0663931294884982,0.000983596145220499,"Insignificant"
-30.0670148032797,-0.0325846681462189,-0.0662272178154312,0.00105788152299349,"Insignificant"
-29.7442740271667,-0.0324645696207988,-0.0660613726651442,0.00113223342354654,"Insignificant"
-29.4215332510538,-0.0323444710953788,-0.0658955943097468,0.00120665211898912,"Insignificant"
-29.0987924749408,-0.0322243725699588,-0.0657298830224338,0.00128113788251622,"Insignificant"
-28.7760516988278,-0.0321042740445388,-0.0655642390774879,0.00135569098841032,"Insignificant"
-28.4533109227148,-0.0319841755191188,-0.0653986627502808,0.00143031171204323,"Insignificant"
-28.1305701466019,-0.0318640769936988,-0.0652331543172756,0.00150500032987808,"Insignificant"
-27.8078293704889,-0.0317439784682788,-0.0650677140560286,0.00157975711947102,"Insignificant"
-27.4850885943759,-0.0316238799428587,-0.0649023422451906,0.00165458235947308,"Insignificant"
-27.1623478182629,-0.0315037814174387,-0.0647370391645094,0.00172947632963188,"Insignificant"
-26.83960704215,-0.0313836828920187,-0.0645718050948308,0.00180443931079335,"Insignificant"
-26.516866266037,-0.0312635843665987,-0.0644066403181008,0.00187947158490332,"Insignificant"
-26.194125489924,-0.0311434858411787,-0.0642415451173666,0.00195457343500923,"Insignificant"
-25.871384713811,-0.0310233873157587,-0.064076519776779,0.00202974514526163,"Insignificant"
-25.5486439376981,-0.0309032887903387,-0.063911564581593,0.0021049870009157,"Insignificant"
-25.2259031615851,-0.0307831902649187,-0.06374667981817,0.00218029928833271,"Insignificant"
-24.9031623854721,-0.0306630917394986,-0.0635818657739788,0.0022556822949815,"Insignificant"
-24.5804216093591,-0.0305429932140786,-0.0634171227375971,0.00233113630943979,"Insignificant"
-24.2576808332462,-0.0304228946886586,-0.0632524509987128,0.00240666162139553,"Insignificant"
-23.9349400571332,-0.0303027961632386,-0.0630878508481254,0.00248225852164816,"Insignificant"
-23.6121992810202,-0.0301826976378186,-0.062923322577747,0.00255792730210984,"Insignificant"
-23.2894585049072,-0.0300625991123986,-0.0627588664806038,0.00263366825580664,"Insignificant"
-22.9667177287943,-0.0299425005869786,-0.0625944828508367,0.0027094816768796,"Insignificant"
-22.6439769526813,-0.0298224020615586,-0.0624301719837029,0.00278536786058583,"Insignificant"
-22.3212361765683,-0.0297023035361385,-0.0622659341755766,0.00286132710329952,"Insignificant"
-21.9984954004553,-0.0295822050107185,-0.0621017697239499,0.00293735970251284,"Insignificant"
-21.6757546243424,-0.0294621064852985,-0.061937678927434,0.00301346595683691,"Insignificant"
-21.3530138482294,-0.0293420079598785,-0.0617736620857596,0.00308964616600257,"Insignificant"
-21.0302730721164,-0.0292219094344585,-0.0616097194997781,0.00316590063086114,"Insignificant"
-20.7075322960034,-0.0291018109090385,-0.0614458514714622,0.00324222965338523,"Insignificant"
-20.3847915198905,-0.0289817123836185,-0.0612820583039062,0.00331863353666929,"Insignificant"
-20.0620507437775,-0.0288616138581985,-0.0611183403013272,0.00339511258493025,"Insignificant"
-19.7393099676645,-0.0287415153327784,-0.0609546977690649,0.00347166710350804,"Insignificant"
-19.4165691915516,-0.0286214168073584,-0.0607911310135829,0.00354829739886607,"Insignificant"
-19.0938284154386,-0.0285013182819384,-0.0606276403424685,0.00362500377859161,"Insignificant"
-18.7710876393256,-0.0283812197565184,-0.0604642260644329,0.00370178655139612,"Insignificant"
-18.4483468632126,-0.0282611212310984,-0.0603008884893123,0.00377864602711554,"Insignificant"
-18.1256060870997,-0.0281410227056784,-0.0601376279280672,0.00385558251671046,"Insignificant"
-17.8028653109867,-0.0280209241802584,-0.059974444692783,0.00393259633226627,"Insignificant"
-17.4801245348737,-0.0279008256548384,-0.0598113390966699,0.00400968778699323,"Insignificant"
-17.1573837587607,-0.0277807271294183,-0.0596483114540631,0.00408685719522641,"Insignificant"
-16.8346429826478,-0.0276606286039983,-0.0594853620804223,0.00416410487242569,"Insignificant"
-16.5119022065348,-0.0275405300785783,-0.0593224912923321,0.0042414311351755,"Insignificant"
-16.1891614304218,-0.0274204315531583,-0.0591596994075013,0.00431883630118468,"Insignificant"
-15.8664206543088,-0.0273003330277383,-0.0589969867447627,0.00439632068928611,"Insignificant"
-15.5436798781959,-0.0271802345023183,-0.0588343536240729,0.00447388461943635,"Insignificant"
-15.2209391020829,-0.0270601359768983,-0.0586718003665117,0.00455152841271522,"Insignificant"
-14.8981983259699,-0.0269400374514783,-0.0585093272942817,0.00462925239132517,"Insignificant"
-14.5754575498569,-0.0268199389260582,-0.0583469347307072,0.00470705687859074,"Insignificant"
-14.252716773744,-0.0266998404006382,-0.0581846230002343,0.00478494219895782,"Insignificant"
-13.929975997631,-0.0265797418752182,-0.0580223924284293,0.0048629086779929,"Insignificant"
-13.607235221518,-0.0264596433497982,-0.0578602433419786,0.00494095664238216,"Insignificant"
-13.284494445405,-0.0263395448243782,-0.0576981760686869,0.00501908641993056,"Insignificant"
-12.9617536692921,-0.0262194462989582,-0.0575361909374771,0.00509729833956078,"Insignificant"
-12.6390128931791,-0.0260993477735382,-0.0573742882783884,0.00517559273131209,"Insignificant"
-12.3162721170661,-0.0259792492481181,-0.0572124684225755,0.00525396992633919,"Insignificant"
-11.9935313409531,-0.0258591507226981,-0.0570507317023071,0.00533243025691085,"Insignificant"
-11.6707905648402,-0.0257390521972781,-0.0568890784509648,0.00541097405640857,"Insignificant"
-11.3480497887272,-0.0256189536718581,-0.0567275090030413,0.00548960165932504,"Insignificant"
-11.0253090126142,-0.0254988551464381,-0.0565660236941389,0.00556831340126266,"Insignificant"
-10.7025682365012,-0.0253787566210181,-0.0564046228609679,0.00564710961893175,"Insignificant"
-10.3798274603883,-0.0252586580955981,-0.0562433068413451,0.00572599065014891,"Insignificant"
-10.0570866842753,-0.0251385595701781,-0.0560820759741912,0.00580495683383508,"Insignificant"
-9.73434590816233,-0.025018461044758,-0.0559209305995297,0.00588400851001362,"Insignificant"
-9.41160513204935,-0.024898362519338,-0.0557598710584843,0.00596314601980824,"Insignificant"
-9.08886435593638,-0.024778263993918,-0.0555988976932769,0.00604236970544085,"Insignificant"
-8.76612357982341,-0.024658165468498,-0.0554380108472253,0.00612167991022932,"Insignificant"
-8.44338280371043,-0.024538066943078,-0.0552772108647411,0.00620107697858511,"Insignificant"
-8.12064202759746,-0.024417968417658,-0.0551164980913268,0.0062805612560108,"Insignificant"
-7.79790125148448,-0.024297869892238,-0.0549558728735735,0.00636013308909754,"Insignificant"
-7.47516047537151,-0.024177771366818,-0.0547953355591583,0.00643979282552236,"Insignificant"
-7.15241969925854,-0.0240576728413979,-0.0546348864968413,0.00651954081404541,"Insignificant"
-6.82967892314556,-0.0239375743159779,-0.0544745260364629,0.00659937740450708,"Insignificant"
-6.50693814703259,-0.0238174757905579,-0.0543142545289408,0.00667930294782498,"Insignificant"
-6.18419737091961,-0.0236973772651379,-0.0541540723262666,0.00675931779599081,"Insignificant"
-5.86145659480664,-0.0235772787397179,-0.053993979781503,0.0068394223020672,"Insignificant"
-5.53871581869367,-0.0234571802142979,-0.0538339772487801,0.00691961682018434,"Insignificant"
-5.21597504258069,-0.0233370816888779,-0.0536740650832923,0.00699990170553652,"Insignificant"
-4.89323426646772,-0.0232169831634579,-0.0535142436412943,0.00708027731437859,"Insignificant"
-4.57049349035474,-0.0230968846380378,-0.0533545132800979,0.00716074400402224,"Insignificant"
-4.24775271424177,-0.0229767861126178,-0.0531948743580679,0.00724130213283226,"Insignificant"
-3.9250119381288,-0.0228566875871978,-0.0530353272346182,0.00732195206022254,"Insignificant"
-3.60227116201582,-0.0227365890617778,-0.0528758722702077,0.00740269414665208,"Insignificant"
-3.27953038590285,-0.0226164905363578,-0.0527165098263364,0.00748352875362083,"Insignificant"
-2.95678960978987,-0.0224963920109378,-0.0525572402655409,0.00756445624366533,"Insignificant"
-2.6340488336769,-0.0223762934855178,-0.0523980639513899,0.0076454769803544,"Insignificant"
-2.31130805756392,-0.0222561949600977,-0.05223898124848,0.00772659132828449,"Insignificant"
-1.98856728145095,-0.0221360964346777,-0.0520799925224306,0.0078077996530751,"Insignificant"
-1.66582650533798,-0.0220159979092577,-0.0519210981398794,0.00788910232136391,"Insignificant"
-1.343085729225,-0.0218958993838377,-0.0517622984684773,0.0079704997008019,"Insignificant"
-1.02034495311203,-0.0217758008584177,-0.0516035938768837,0.00805199216004826,"Insignificant"
-0.69760417699905,-0.0216557023329977,-0.0514449847347606,0.00813358006876521,"Insignificant"
-0.374863400886078,-0.0215356038075777,-0.051286471412768,0.00821526379761265,"Insignificant"
-0.052122624773105,-0.0214155052821577,-0.0511280542825581,0.00829704371824275,"Insignificant"
0.270618151339868,-0.0212954067567376,-0.0509697337167695,0.00837892020329425,"Insignificant"
0.59335892745284,-0.0211753082313176,-0.0508115100890221,0.00846089362638684,"Insignificant"
0.91609970356582,-0.0210552097058976,-0.0506533837739104,0.00854296436211519,"Insignificant"
1.23884047967879,-0.0209351111804776,-0.0504953551469981,0.00862513278604293,"Insignificant"
1.56158125579176,-0.0208150126550576,-0.0503374245848118,0.00870739927469657,"Insignificant"
1.88432203190474,-0.0206949141296376,-0.0501795924648343,0.00878976420555912,"Insignificant"
2.20706280801772,-0.0205748156042176,-0.0500218591654988,0.00887222795706364,"Insignificant"
2.52980358413069,-0.0204547170787976,-0.0498642250661818,0.00895479090858669,"Insignificant"
2.85254436024366,-0.0203346185533775,-0.0497066905471966,0.00903745344044155,"Insignificant"
3.17528513635664,-0.0202145200279575,-0.0495492559897864,0.00912021593387131,"Insignificant"
3.49802591246961,-0.0200944215025375,-0.0493919217761169,0.0092030787710419,"Insignificant"
3.82076668858259,-0.0199743229771175,-0.0492346882892698,0.00928604233503483,"Insignificant"
4.14350746469556,-0.0198542244516975,-0.0490775559132348,0.00936910700983984,"Insignificant"
4.46624824080853,-0.0197341259262775,-0.0489205250329024,0.00945227318034745,"Insignificant"
4.78898901692151,-0.0196140274008575,-0.0487635960340562,0.00953554123234129,"Insignificant"
5.11172979303448,-0.0194939288754375,-0.0486067693033652,0.00961891155249026,"Insignificant"
5.43447056914746,-0.0193738303500174,-0.0484500452283755,0.00970238452834058,"Insignificant"
5.75721134526043,-0.0192537318245974,-0.0482934241975026,0.0097859605483077,"Insignificant"
6.0799521213734,-0.0191336332991774,-0.0481369066000228,0.00986964000166794,"Insignificant"
6.40269289748638,-0.0190135347737574,-0.0479804928260649,0.0099534232785501,"Insignificant"
6.72543367359935,-0.0188934362483374,-0.0478241832666016,0.0100373107699269,"Insignificant"
7.04817444971233,-0.0187733377229174,-0.0476679783134407,0.0101213028676059,"Insignificant"
7.3709152258253,-0.0186532391974974,-0.047511878359216,0.0102053999642212,"Insignificant"
7.69365600193827,-0.0185331406720774,-0.0473558837973784,0.0102896024532237,"Insignificant"
8.01639677805125,-0.0184130421466573,-0.0471999950221867,0.010373910728872,"Insignificant"
8.33913755416422,-0.0182929436212373,-0.0470442124286979,0.0104583251862232,"Insignificant"
8.66187833027719,-0.0181728450958173,-0.0468885364127578,0.0105428462211232,"Insignificant"
8.98461910639017,-0.0180527465703973,-0.0467329673709912,0.0106274742301966,"Insignificant"
9.30735988250315,-0.0179326480449773,-0.0465775057007918,0.0107122096108372,"Insignificant"
9.63010065861612,-0.0178125495195573,-0.0464221518003122,0.0107970527611977,"Insignificant"
9.95284143472909,-0.0176924509941373,-0.0462669060684538,0.0108820040801793,"Insignificant"
10.2755822108421,-0.0175723524687172,-0.0461117689048558,0.0109670639674213,"Insignificant"
10.598322986955,-0.0174522539432972,-0.0459567407098852,0.0110522328232907,"Insignificant"
10.921063763068,-0.0173321554178772,-0.0458018218846254,0.011137511048871,"Insignificant"
11.243804539181,-0.0172120568924572,-0.0456470128308658,0.0112228990459514,"Insignificant"
11.566545315294,-0.0170919583670372,-0.04549231395109,0.0113083972170156,"Insignificant"
11.8892860914069,-0.0169718598416172,-0.0453377256484648,0.0113940059652304,"Insignificant"
12.2120268675199,-0.0168517613161972,-0.0451832483268287,0.0114797256944344,"Insignificant"
12.5347676436329,-0.0167316627907772,-0.0450288823906801,0.0115655568091258,"Insignificant"
12.8575084197459,-0.0166115642653571,-0.0448746282451652,0.0116514997144509,"Insignificant"
13.1802491958588,-0.0164914657399371,-0.0447204862960664,0.0117375548161921,"Insignificant"
13.5029899719718,-0.0163713672145171,-0.0445664569497895,0.0118237225207553,"Insignificant"
13.8257307480848,-0.0162512686890971,-0.0444125406133516,0.0119100032351574,"Insignificant"
14.1484715241978,-0.0161311701636771,-0.0442587376943684,0.0119963973670142,"Insignificant"
14.4712123003107,-0.0160110716382571,-0.0441050486010411,0.0120829053245269,"Insignificant"
14.7939530764237,-0.0158909731128371,-0.0439514737421439,0.0121695275164697,"Insignificant"
15.1166938525367,-0.0157708745874171,-0.0437980135270104,0.0122562643521762,"Insignificant"
15.4394346286496,-0.015650776061997,-0.0436446683655202,0.0123431162415262,"Insignificant"
15.7621754047626,-0.015530677536577,-0.0434914386680858,0.0124300835949318,"Insignificant"
16.0849161808756,-0.015410579011157,-0.0433383248456382,0.0125171668233241,"Insignificant"
16.4076569569886,-0.015290480485737,-0.0431853273096132,0.0126043663381392,"Insignificant"
16.7303977331016,-0.015170381960317,-0.0430324464719374,0.0126916825513034,"Insignificant"
17.0531385092145,-0.015050283434897,-0.0428796827450138,0.0127791158752199,"Insignificant"
17.3758792853275,-0.014930184909477,-0.0427270365417071,0.0128666667227532,"Insignificant"
17.6986200614405,-0.0148100863840569,-0.042574508275329,0.0129543355072151,"Insignificant"
18.0213608375534,-0.0146899878586369,-0.0424220983596235,0.0130421226423496,"Insignificant"
18.3441016136664,-0.0145698893332169,-0.0422698072087515,0.0131300285423176,"Insignificant"
18.6668423897794,-0.0144497908077969,-0.0421176352372756,0.0132180536216818,"Insignificant"
18.9895831658924,-0.0143296922823769,-0.0419655828601449,0.0133061982953911,"Insignificant"
19.3123239420053,-0.0142095937569569,-0.0418136504926786,0.0133944629787648,"Insignificant"
19.6350647181183,-0.0140894952315369,-0.0416618385505507,0.013482848087477,"Insignificant"
19.9578054942313,-0.0139693967061169,-0.0415101474497739,0.0135713540375401,"Insignificant"
20.2805462703443,-0.0138492981806969,-0.0413585776066827,0.013659981245289,"Insignificant"
20.6032870464572,-0.0137291996552768,-0.0412071294379177,0.013748730127364,"Insignificant"
20.9260278225702,-0.0136091011298568,-0.0410558033604084,0.0138376011006947,"Insignificant"
21.2487685986832,-0.0134890026044368,-0.0409045997913564,0.0139265945824828,"Insignificant"
21.5715093747962,-0.0133689040790168,-0.0407535191482186,0.014015710990185,"Insignificant"
21.8942501509091,-0.0132488055535968,-0.0406025618486895,0.014104950741496,"Insignificant"
22.2169909270221,-0.0131287070281768,-0.040451728310684,0.0141943142543305,"Insignificant"
22.5397317031351,-0.0130086085027568,-0.0403010189523197,0.0142838019468062,"Insignificant"
22.8624724792481,-0.0128885099773367,-0.0401504341918989,0.0143734142372254,"Insignificant"
23.185213255361,-0.0127684114519167,-0.0399999744478907,0.0144631515440572,"Insignificant"
23.507954031474,-0.0126483129264967,-0.0398496401389125,0.0145530142859191,"Insignificant"
23.830694807587,-0.0125282144010767,-0.039699431683712,0.0146430028815585,"Insignificant"
24.1534355837,-0.0124081158756567,-0.0395493495011478,0.0147331177498344,"Insignificant"
24.4761763598129,-0.0122880173502367,-0.0393993940101714,0.014823359309698,"Insignificant"
24.7989171359259,-0.0121679188248167,-0.0392495656298074,0.0149137279801741,"Insignificant"
25.1216579120389,-0.0120478202993967,-0.0390998647791347,0.0150042241803414,"Insignificant"
25.4443986881518,-0.0119277217739766,-0.0389502918772669,0.0150948483293136,"Insignificant"
25.7671394642648,-0.0118076232485566,-0.0388008473433326,0.0151856008462193,"Insignificant"
26.0898802403778,-0.0116875247231366,-0.0386515315964558,0.0152764821501825,"Insignificant"
26.4126210164908,-0.0115674261977166,-0.0385023450557355,0.0153674926603022,"Insignificant"
26.7353617926038,-0.0114473276722966,-0.0383532881402257,0.0154586327956325,"Insignificant"
27.0581025687167,-0.0113272291468766,-0.0382043612689152,0.015549902975162,"Insignificant"
27.3808433448297,-0.0112071306214566,-0.0380555648607064,0.0156413036177933,"Insignificant"
27.7035841209427,-0.0110870320960366,-0.0379068993343951,0.015732835142322,"Insignificant"
28.0263248970556,-0.0109669335706165,-0.037758365108649,0.0158244979674159,"Insignificant"
28.3490656731686,-0.0108468350451965,-0.0376099626019869,0.0159162925115938,"Insignificant"
28.6718064492816,-0.0107267365197765,-0.0374616922327571,0.0160082191932041,"Insignificant"
28.9945472253946,-0.0106066379943565,-0.0373135544191159,0.0161002784304029,"Insignificant"
29.3172880015075,-0.0104865394689365,-0.0371655495790058,0.0161924706411328,"Insignificant"
29.6400287776205,-0.0103664409435165,-0.0370176781301337,0.0162847962431008,"Insignificant"
29.9627695537335,-0.0102463424180965,-0.0368699404899486,0.0163772556537556,"Insignificant"
30.2855103298465,-0.0101262438926765,-0.0367223370756192,0.0164698492902663,"Insignificant"
30.6082511059594,-0.0100061453672564,-0.0365748683040118,0.0165625775694989,"Insignificant"
30.9309918820724,-0.00988604684183642,-0.0364275345916671,0.0166554409079943,"Insignificant"
31.2537326581854,-0.00976594831641641,-0.0362803363547779,0.0167484397219451,"Insignificant"
31.5764734342984,-0.0096458497909964,-0.0361332740091655,0.0168415744271727,"Insignificant"
31.8992142104113,-0.00952575126557639,-0.0359863479702567,0.016934845439104,"Insignificant"
32.2219549865243,-0.00940565274015637,-0.0358395586530608,0.017028253172748,"Insignificant"
32.5446957626373,-0.00928555421473636,-0.0356929064721451,0.0171217980426724,"Insignificant"
32.8674365387503,-0.00916545568931635,-0.0355463918416122,0.0172154804629795,"Insignificant"
33.1901773148632,-0.00904535716389633,-0.0354000151750753,0.0173093008472826,"Insignificant"
33.5129180909762,-0.00892525863847632,-0.0352537768856344,0.0174032596086817,"Insignificant"
33.8356588670892,-0.00880516011305631,-0.0351076773858521,0.0174973571597395,"Insignificant"
34.1583996432022,-0.00868506158763629,-0.0349617170877291,0.0175915939124565,"Insignificant"
34.4811404193151,-0.00856496306221628,-0.0348158964026794,0.0176859702782469,"Insignificant"
34.8038811954281,-0.00844486453679627,-0.0346702157415061,0.0177804866679135,"Insignificant"
35.1266219715411,-0.00832476601137626,-0.0345246755143756,0.0178751434916231,"Insignificant"
35.449362747654,-0.00820466748595624,-0.0343792761307935,0.017969941158881,"Insignificant"
35.772103523767,-0.00808456896053623,-0.0342340179995785,0.018064880078506,"Insignificant"
36.09484429988,-0.00796447043511622,-0.0340889015288376,0.0181599606586052,"Insignificant"
36.417585075993,-0.00784437190969621,-0.0339439271259403,0.0182551833065479,"Insignificant"
36.740325852106,-0.00772427338427619,-0.033799095197493,0.0183505484289406,"Insignificant"
37.0630666282189,-0.00760417485885618,-0.0336544061493127,0.0184460564316004,"Insignificant"
37.3858074043319,-0.00748407633343617,-0.0335098603864019,0.0185417077195296,"Insignificant"
37.7085481804449,-0.00736397780801616,-0.0333654583129217,0.0186375026968894,"Insignificant"
38.0312889565578,-0.00724387928259614,-0.0332212003321656,0.0187334417669734,"Insignificant"
38.3540297326708,-0.00712378075717613,-0.0330770868465336,0.0188295253321814,"Insignificant"
38.6767705087838,-0.00700368223175612,-0.032933118257505,0.0189257537939927,"Insignificant"
38.9995112848968,-0.0068835837063361,-0.032789294965612,0.0190221275529398,"Insignificant"
39.3222520610097,-0.00676348518091609,-0.0326456173704131,0.0191186470085809,"Insignificant"
39.6449928371227,-0.00664338665549608,-0.0325020858704656,0.0192153125594734,"Insignificant"
39.9677336132357,-0.00652328813007606,-0.0323587008632991,0.019312124603147,"Insignificant"
40.2904743893487,-0.00640318960465605,-0.032215462745388,0.0194090835360759,"Insignificant"
40.6132151654616,-0.00628309107923604,-0.0320723719121241,0.019506189753652,"Insignificant"
40.9359559415746,-0.00616299255381603,-0.0319294287577895,0.0196034436501574,"Insignificant"
41.2586967176876,-0.00604289402839601,-0.0317866336755287,0.0197008456187366,"Insignificant"
41.5814374938006,-0.005922795502976,-0.0316439870573211,0.0197983960513691,"Insignificant"
41.9041782699135,-0.00580269697755599,-0.0315014892939534,0.0198960953388414,"Insignificant"
42.2269190460265,-0.00568259845213598,-0.0313591407749915,0.0199939438707195,"Insignificant"
42.5496598221395,-0.00556249992671596,-0.0312169418887525,0.0200919420353206,"Insignificant"
42.8724005982525,-0.00544240140129595,-0.031074893022277,0.0201900902196851,"Insignificant"
43.1951413743654,-0.00532230287587594,-0.0309329945613004,0.0202883888095485,"Insignificant"
43.5178821504784,-0.00520220435045593,-0.0307912468902254,0.0203868381893135,"Insignificant"
43.8406229265914,-0.00508210582503591,-0.0306496503920927,0.0204854387420209,"Insignificant"
44.1633637027044,-0.0049620072996159,-0.0305082054485537,0.0205841908493219,"Insignificant"
44.4861044788173,-0.00484190877419589,-0.0303669124398411,0.0206830948914493,"Insignificant"
44.8088452549303,-0.00472181024877587,-0.0302257717447407,0.0207821512471889,"Insignificant"
45.1315860310433,-0.00460171172335586,-0.0300847837405629,0.0208813602938512,"Insignificant"
45.4543268071562,-0.00448161319793585,-0.0299439488031138,0.0209807224072421,"Insignificant"
45.7770675832692,-0.00436151467251583,-0.0298032673066666,0.0210802379616349,"Insignificant"
46.0998083593822,-0.00424141614709582,-0.0296627396239325,0.0211799073297408,"Insignificant"
46.4225491354952,-0.00412131762167581,-0.0295223661260322,0.0212797308826806,"Insignificant"
46.7452899116081,-0.0040012190962558,-0.0293821471824668,0.0213797089899553,"Insignificant"
47.0680306877211,-0.00388112057083578,-0.0292420831610888,0.0214798420194173,"Insignificant"
47.3907714638341,-0.00376102204541577,-0.0291021744280732,0.0215801303372416,"Insignificant"
47.7135122399471,-0.00364092351999576,-0.0289624213478882,0.0216805743078967,"Insignificant"
48.03625301606,-0.00352082499457574,-0.0288228242832665,0.021781174294115,"Insignificant"
48.358993792173,-0.00340072646915573,-0.0286833835951759,0.0218819306568645,"Insignificant"
48.681734568286,-0.00328062794373572,-0.0285440996427906,0.0219828437553191,"Insignificant"
49.004475344399,-0.0031605294183157,-0.0284049727834612,0.0220839139468298,"Insignificant"
49.3272161205119,-0.0030404308928957,-0.0282660033726865,0.0221851415868951,"Insignificant"
49.6499568966249,-0.00292033236747568,-0.0281271917640838,0.0222865270291325,"Insignificant"
49.9726976727379,-0.00280023384205567,-0.0279885383093598,0.0223880706252484,"Insignificant"
50.2954384488509,-0.00268013531663566,-0.0278500433582814,0.0224897727250101,"Insignificant"
50.6181792249638,-0.00256003679121564,-0.0277117072586466,0.0225916336762154,"Insignificant"
50.9409200010768,-0.00243993826579563,-0.0275735303562555,0.0226936538246643,"Insignificant"
51.2636607771898,-0.00231983974037562,-0.0274355129948808,0.0227958335141295,"Insignificant"
51.5864015533028,-0.0021997412149556,-0.0272976555162387,0.0228981730863275,"Insignificant"
51.9091423294157,-0.00207964268953559,-0.0271599582599603,0.0230006728808891,"Insignificant"
52.2318831055287,-0.00195954416411558,-0.0270224215635618,0.0231033332353306,"Insignificant"
52.5546238816417,-0.00183944563869556,-0.026885045762416,0.0232061544850248,"Insignificant"
52.8773646577547,-0.00171934711327555,-0.026747831189723,0.0233091369631719,"Insignificant"
53.2001054338676,-0.00159924858785554,-0.0266107781764816,0.0234122810007705,"Insignificant"
53.5228462099806,-0.00147915006243553,-0.0264738870514598,0.0235155869265887,"Insignificant"
53.8455869860936,-0.00135905153701551,-0.0263371581411664,0.0236190550671354,"Insignificant"
54.1683277622065,-0.0012389530115955,-0.0262005917698222,0.0237226857466312,"Insignificant"
54.4910685383195,-0.00111885448617549,-0.026064188259331,0.02382647928698,"Insignificant"
54.8138093144325,-0.000998755960755472,-0.0259279479292512,0.0239304360077402,"Insignificant"
55.1365500905455,-0.000878657435335464,-0.0257918710967669,0.024034556226096,"Insignificant"
55.4592908666584,-0.000758558909915448,-0.02565595807666,0.0241388402568291,"Insignificant"
55.7820316427714,-0.000638460384495436,-0.0255202091812809,0.02424328841229,"Insignificant"
56.1047724188844,-0.000518361859075424,-0.025384624720521,0.0243479010023702,"Insignificant"
56.4275131949974,-0.000398263333655408,-0.025249205001784,0.0244526783344732,"Insignificant"
56.7502539711103,-0.000278164808235396,-0.0251139503299579,0.0245576207134871,"Insignificant"
57.0729947472233,-0.000158066282815384,-0.024978861007387,0.0246627284417562,"Insignificant"
57.3957355233363,-3.7967757395372e-05,-0.0248439373338439,0.0247680018190532,"Insignificant"
57.7184762994493,8.21307680246401e-05,-0.024709179606502,0.0248734411425512,"Insignificant"
58.0412170755622,0.000202229293444656,-0.0245745881199072,0.0249790467067966,"Insignificant"
58.3639578516752,0.000322327818864668,-0.0244401631659514,0.0250848188036807,"Insignificant"
58.6866986277882,0.00044242634428468,-0.0243059050338438,0.0251907577224132,"Insignificant"
59.0094394039012,0.000562524869704695,-0.024171814010085,0.0252968637494944,"Insignificant"
59.3321801800141,0.000682623395124704,-0.0240378903784387,0.0254031371686881,"Insignificant"
59.6549209561271,0.00080272192054472,-0.0239041344199057,0.0255095782609951,"Insignificant"
59.9776617322401,0.000922820445964732,-0.0237705464126962,0.0256161873046257,"Insignificant"
60.3004025083531,0.00104291897138474,-0.0236371266322041,0.0257229645749736,"Insignificant"
60.623143284466,0.00116301749680476,-0.0235038753509798,0.0258299103445893,"Insignificant"
60.945884060579,0.00128311602222477,-0.0233707928387043,0.0259370248831538,"Insignificant"
61.268624836692,0.00140321454764478,-0.0232378793621628,0.0260443084574523,"Insignificant"
61.5913656128049,0.0015233130730648,-0.023105135185219,0.0261517613313486,"Insignificant"
61.9141063889179,0.00164341159848481,-0.0229725605687894,0.026259383765759,"Insignificant"
62.2368471650309,0.00176351012390482,-0.0228401557708175,0.0263671760186272,"Insignificant"
62.5595879411439,0.00188360864932484,-0.0227079210462488,0.0264751383448985,"Insignificant"
62.8823287172569,0.00200370717474485,-0.0225758566470052,0.0265832709964949,"Insignificant"
63.2050694933698,0.00212380570016486,-0.0224439628219606,0.0266915742222903,"Insignificant"
63.5278102694828,0.00224390422558487,-0.0223122398169157,0.0268000482680855,"Insignificant"
63.8505510455958,0.00236400275100489,-0.0221806878745742,0.026908693376584,"Insignificant"
64.1732918217087,0.0024841012764249,-0.0220493072345177,0.0270175097873675,"Insignificant"
64.4960325978217,0.00260419980184491,-0.0219180981331823,0.0271264977368721,"Insignificant"
64.8187733739347,0.00272429832726493,-0.0217870608038346,0.0272356574583645,"Insignificant"
65.1415141500477,0.00284439685268494,-0.0216561954765484,0.0273449891819182,"Insignificant"
65.4642549261606,0.00296449537810495,-0.0215255023781808,0.0274544931343907,"Insignificant"
65.7869957022736,0.00308459390352496,-0.0213949817323501,0.0275641695394,"Insignificant"
66.1097364783866,0.00320469242894498,-0.0212646337594122,0.0276740186173022,"Insignificant"
66.4324772544996,0.00332479095436499,-0.0211344586764386,0.0277840405851686,"Insignificant"
66.7552180306125,0.003444889479785,-0.021004456697194,0.027894235656764,"Insignificant"
67.0779588067255,0.00356498800520502,-0.0208746280321144,0.0280046040425245,"Insignificant"
67.4006995828385,0.00368508653062503,-0.0207449728882854,0.0281151459495354,"Insignificant"
67.7234403589515,0.00380518505604504,-0.0206154914694207,0.0282258615815108,"Insignificant"
68.0461811350644,0.00392528358146505,-0.0204861839758413,0.0283367511387715,"Insignificant"
68.3689219111774,0.00404538210688507,-0.0203570506044546,0.0284478148182248,"Insignificant"
68.6916626872904,0.00416548063230508,-0.0202280915487337,0.0285590528133439,"Insignificant"
69.0144034634034,0.00428557915772509,-0.0200993069986974,0.0286704653141476,"Insignificant"
69.3371442395163,0.0044056776831451,-0.0199706971408904,0.0287820525071806,"Insignificant"
69.6598850156293,0.00452577620856512,-0.0198422621583635,0.0288938145754938,"Insignificant"
69.9826257917423,0.00464587473398513,-0.0197140022306547,0.029005751698625,"Insignificant"
70.3053665678553,0.00476597325940514,-0.0195859175337699,0.0291178640525802,"Insignificant"
70.6281073439682,0.00488607178482516,-0.0194580082401646,0.0292301518098149,"Insignificant"
70.9508481200812,0.00500617031024517,-0.0193302745187256,0.0293426151392159,"Insignificant"
71.2735888961942,0.00512626883566518,-0.0192027165347529,0.0294552542060832,"Insignificant"
71.5963296723071,0.00524636736108519,-0.0190753344499425,0.0295680691721128,"Insignificant"
71.9190704484201,0.00536646588650521,-0.0189481284223687,0.0296810601953791,"Insignificant"
72.2418112245331,0.00548656441192522,-0.0188210986064678,0.0297942274303182,"Insignificant"
72.5645520006461,0.00560666293734524,-0.018694245153021,0.0299075710277115,"Insignificant"
72.8872927767591,0.00572676146276525,-0.0185675682091387,0.0300210911346692,"Insignificant"
73.210033552872,0.00584685998818526,-0.0184410679182445,0.030134787894615,"Insignificant"
73.532774328985,0.00596695851360527,-0.0183147444200597,0.0302486614472702,"Insignificant"
73.855515105098,0.00608705703902529,-0.0181885978505884,0.030362711928639,"Insignificant"
74.1782558812109,0.0062071555644453,-0.0180626283421029,0.0304769394709935,"Insignificant"
74.5009966573239,0.00632725408986531,-0.0179368360231292,0.0305913442028598,"Insignificant"
74.8237374334369,0.00644735261528533,-0.0178112210184331,0.0307059262490038,"Insignificant"
75.1464782095499,0.00656745114070533,-0.0176857834490068,0.0308206857304174,"Insignificant"
75.4692189856628,0.00668754966612535,-0.0175605234320556,0.0309356227643063,"Insignificant"
75.7919597617758,0.00680764819154537,-0.0174354410809853,0.0310507374640761,"Insignificant"
76.1147005378888,0.00692774671696537,-0.0173105365053899,0.0311660299393207,"Insignificant"
76.4374413140018,0.00704784524238539,-0.0171858098110393,0.0312815002958101,"Insignificant"
76.7601820901148,0.00716794376780541,-0.017061261099868,0.0313971486354788,"Insignificant"
77.0829228662277,0.00728804229322541,-0.0169368904699641,0.031512975056415,"Insignificant"
77.4056636423407,0.00740814081864543,-0.0168126980155582,0.0316289796528491,"Insignificant"
77.7284044184536,0.00752823934406543,-0.0166886838270133,0.0317451625151442,"Insignificant"
78.0511451945666,0.00764833786948545,-0.0165648479908147,0.0318615237297856,"Insignificant"
78.3738859706796,0.00776843639490547,-0.0164411905895609,0.0319780633793718,"Insignificant"
78.6966267467926,0.00788853492032547,-0.0163177117019539,0.0320947815426048,"Insignificant"
79.0193675229056,0.00800863344574549,-0.016194411402791,0.032211678294282,"Insignificant"
79.3421082990185,0.0081287319711655,-0.0160712897629565,0.0323287537052875,"Insignificant"
79.6648490751315,0.00824883049658551,-0.0159483468494136,0.0324460078425846,"Insignificant"
79.9875898512445,0.00836892902200553,-0.0158255827251973,0.0325634407692084,"Insignificant"
80.3103306273575,0.00848902754742554,-0.0157029974494075,0.0326810525442585,"Insignificant"
80.6330714034704,0.00860912607284555,-0.0155805910772018,0.0327988432228929,"Insignificant"
80.9558121795834,0.00872922459826556,-0.0154583636597905,0.0329168128563216,"Insignificant"
81.2785529556964,0.00884932312368558,-0.0153363152444297,0.0330349614918009,"Insignificant"
81.6012937318093,0.00896942164910559,-0.0152144458744172,0.0331532891726284,"Insignificant"
81.9240345079223,0.0090895201745256,-0.0150927555890869,0.0332717959381381,"Insignificant"
82.2467752840353,0.00920961869994562,-0.0149712444238048,0.033390481823696,"Insignificant"
82.5695160601483,0.00932971722536563,-0.0148499124099648,0.0335093468606961,"Insignificant"
82.8922568362612,0.00944981575078564,-0.0147287595749857,0.0336283910765569,"Insignificant"
83.2149976123742,0.00956991427620566,-0.0146077859423075,0.0337476144947189,"Insignificant"
83.5377383884872,0.00969001280162567,-0.0144869915313896,0.0338670171346409,"Insignificant"
83.8604791646002,0.00981011132704568,-0.0143663763577077,0.0339865990117991,"Insignificant"
84.1832199407132,0.0099302098524657,-0.0142459404327529,0.0341063601376843,"Insignificant"
84.5059607168261,0.0100503083778857,-0.01412568376403,0.0342263005198014,"Insignificant"
84.8287014929391,0.0101704069033057,-0.0140056063550566,0.0343464201616681,"Insignificant"
85.1514422690521,0.0102905054287257,-0.0138857082053631,0.0344667190628146,"Insignificant"
85.474183045165,0.0104106039541457,-0.0137659893104923,0.0345871972187838,"Insignificant"
85.796923821278,0.0105307024795658,-0.0136464496620003,0.0347078546211318,"Insignificant"
86.119664597391,0.0106508010049858,-0.0135270892474571,0.0348286912574286,"Insignificant"
86.442405373504,0.0107708995304058,-0.0134079080504481,0.0349497071112597,"Insignificant"
86.7651461496169,0.0108909980558258,-0.0132889060505762,0.0350709021622278,"Insignificant"
87.0878869257299,0.0110110965812458,-0.0131700832234635,0.0351922763859551,"Insignificant"
87.4106277018429,0.0111311951066658,-0.0130514395407545,0.0353138297540862,"Insignificant"
87.7333684779559,0.0112512936320858,-0.0129329749701192,0.0354355622342908,"Insignificant"
88.0561092540688,0.0113713921575058,-0.0128146894752562,0.0355574737902679,"Insignificant"
88.3788500301818,0.0114914906829259,-0.0126965830158976,0.0356795643817493,"Insignificant"
88.7015908062948,0.0116115892083459,-0.0125786555478124,0.0358018339645042,"Insignificant"
89.0243315824078,0.0117316877337659,-0.0124609070228125,0.0359242824903443,"Insignificant"
89.3470723585207,0.0118517862591859,-0.0123433373887572,0.0360469099071289,"Insignificant"
89.6698131346337,0.0119718847846059,-0.0122259465895592,0.0361697161587711,"Insignificant"
89.9925539107467,0.0120919833100259,-0.0121087345651913,0.0362927011852432,"Insignificant"
90.3152946868596,0.0122120818354459,-0.0119917012516922,0.0364158649225841,"Insignificant"
90.6380354629726,0.012332180360866,-0.0118748465811743,0.0365392073029062,"Insignificant"
90.9607762390856,0.012452278886286,-0.0117581704818306,0.0366627282544025,"Insignificant"
91.2835170151986,0.012572377411706,-0.0116416728779432,0.0367864277013551,"Insignificant"
91.6062577913116,0.012692475937126,-0.0115253536898912,0.0369103055641432,"Insignificant"
91.9289985674245,0.012812574462546,-0.0114092128341597,0.0370343617592517,"Insignificant"
92.2517393435375,0.012932672987966,-0.0112932502233488,0.0371585961992809,"Insignificant"
92.5744801196505,0.013052771513386,-0.0111774657661836,0.0372830087929556,"Insignificant"
92.8972208957635,0.013172870038806,-0.0110618593675235,0.0374075994451356,"Insignificant"
93.2199616718764,0.0132929685642261,-0.0109464309283734,0.0375323680568255,"Insignificant"
93.5427024479894,0.0134130670896461,-0.0108311803458942,0.0376573145251863,"Insignificant"
93.8654432241024,0.0135331656150661,-0.0107161075134138,0.0377824387435459,"Insignificant"
94.1881840002153,0.0136532641404861,-0.0106012123204392,0.0379077406014114,"Insignificant"
94.5109247763283,0.0137733626659061,-0.0104864946526684,0.0380332199844806,"Insignificant"
94.8336655524413,0.0138934611913261,-0.0103719543920027,0.038158876774655,"Insignificant"
95.1564063285543,0.0140135597167461,-0.0102575914165597,0.0382847108500519,"Insignificant"
95.4791471046672,0.0141336582421661,-0.0101434056006863,0.0384107220850186,"Insignificant"
95.8018878807802,0.0142537567675862,-0.0100293968149728,0.0385369103501451,"Insignificant"
96.1246286568932,0.0143738552930062,-0.00991556492626633,0.0386632755122787,"Insignificant"
96.4473694330062,0.0144939538184262,-0.00980190979768578,0.0387898174345381,"Insignificant"
96.7701102091191,0.0146140523438462,-0.00968843128863613,0.0389165359763285,"Insignificant"
97.0928509852321,0.0147341508692662,-0.00957512925482381,0.0390434309933562,"Insignificant"
97.4155917613451,0.0148542493946862,-0.00946200354827222,0.0391705023376447,"Insignificant"
97.738332537458,0.0149743479201062,-0.00934905401733748,0.0392977498575499,"Insignificant"
98.061073313571,0.0150944464455263,-0.00923628050672477,0.0394251733977773,"Insignificant"
98.383814089684,0.0152145449709463,-0.00912368285750498,0.0395527727993975,"Insignificant"
98.706554865797,0.0153346434963663,-0.00901126090713147,0.039680547899864,"Insignificant"
99.02929564191,0.0154547420217863,-0.00889901448945757,0.0398084985330302,"Insignificant"
99.3520364180229,0.0155748405472063,-0.00878694343475412,0.0399366245291667,"Insignificant"
99.6747771941359,0.0156949390726263,-0.00867504756972751,0.0400649257149801,"Insignificant"
99.9975179702489,0.0158150375980463,-0.00856332671753795,0.0401934019136306,"Insignificant"
100.320258746362,0.0159351361234663,-0.00845178069781819,0.0403220529447509,"Insignificant"
100.642999522475,0.0160552346488864,-0.00834040932669252,0.0404508786244652,"Insignificant"
100.965740298588,0.0161753331743064,-0.00822921241679601,0.0405798787654087,"Insignificant"
101.288481074701,0.0162954316997264,-0.00811818977729417,0.0407090531767469,"Insignificant"
101.611221850814,0.0164155302251464,-0.00800734121390299,0.0408384016641958,"Insignificant"
101.933962626927,0.0165356287505664,-0.00789666652890903,0.0409679240300418,"Insignificant"
102.25670340304,0.0166557272759864,-0.00778616552119011,0.0410976200731629,"Insignificant"
102.579444179153,0.0167758258014064,-0.00767583798623615,0.041227489589049,"Insignificant"
102.902184955266,0.0168959243268264,-0.0075656837161703,0.0413575323698232,"Insignificant"
103.224925731379,0.0170160228522465,-0.00745570249977035,0.0414877482042633,"Insignificant"
103.547666507492,0.0171361213776665,-0.00734589412249061,0.0416181368778235,"Insignificant"
103.870407283605,0.0172562199030865,-0.00723625836648374,0.0417486981726567,"Insignificant"
104.193148059718,0.0173763184285065,-0.00712679501062317,0.0418794318676362,"Insignificant"
104.515888835831,0.0174964169539265,-0.00701750383052559,0.0420103377383786,"Insignificant"
104.838629611943,0.0176165154793465,-0.00690838459857384,0.0421414155572669,"Insignificant"
105.161370388056,0.0177366140047665,-0.00679943708393991,0.042272665093473,"Insignificant"
105.484111164169,0.0178567125301865,-0.00669066105260833,0.0424040861129814,"Insignificant"
105.806851940282,0.0179768110556066,-0.00658205626739978,0.0425356783786129,"Insignificant"
106.129592716395,0.0180969095810266,-0.00647362248799486,0.042667441650048,"Insignificant"
106.452333492508,0.0182170081064466,-0.00636535947095817,0.0427993756838514,"Insignificant"
106.775074268621,0.0183371066318666,-0.00625726696976272,0.0429314802334959,"Insignificant"
107.097815044734,0.0184572051572866,-0.00614934473481427,0.0430637550493875,"Insignificant"
107.420555820847,0.0185773036827066,-0.00604159251347626,0.0431961998788895,"Insignificant"
107.74329659696,0.0186974022081266,-0.00593401005009467,0.0433288144663479,"Insignificant"
108.066037373073,0.0188175007335466,-0.00582659708602328,0.0434615985531166,"Insignificant"
108.388778149186,0.0189375992589667,-0.00571935335964898,0.0435945518775823,"Insignificant"
108.711518925299,0.0190576977843867,-0.00561227860641741,0.0437276741751908,"Insignificant"
109.034259701412,0.0191777963098067,-0.00550537255885874,0.0438609651784721,"Insignificant"
109.357000477525,0.0192978948352267,-0.00539863494661364,0.043994424617067,"Insignificant"
109.679741253638,0.0194179933606467,-0.0052920654964594,0.0441280522177528,"Insignificant"
110.002482029751,0.0195380918860667,-0.00518566393233634,0.0442618477044698,"Insignificant"
110.325222805864,0.0196581904114867,-0.00507942997537422,0.0443958107983477,"Insignificant"
110.647963581977,0.0197782889369068,-0.00497336334391902,0.0445299412177325,"Insignificant"
110.97070435809,0.0198983874623268,-0.00486746375355971,0.0446642386782132,"Insignificant"
111.293445134203,0.0200184859877468,-0.00476173091715527,0.0447987028926488,"Insignificant"
111.616185910316,0.0201385845131668,-0.00465616454486179,0.0449333335711954,"Insignificant"
111.938926686429,0.0202586830385868,-0.00455076434415984,0.0450681304213334,"Insignificant"
112.261667462542,0.0203787815640068,-0.00444553001988184,0.0452030931478955,"Insignificant"
112.584408238655,0.0204988800894268,-0.00434046127423964,0.0453382214530933,"Insignificant"
112.907149014768,0.0206189786148468,-0.0042355578068522,0.0454735150365459,"Insignificant"
113.229889790881,0.0207390771402669,-0.00413081931477345,0.0456089735953071,"Insignificant"
113.552630566994,0.0208591756656869,-0.00402624549252014,0.0457445968238939,"Insignificant"
113.875371343107,0.0209792741911069,-0.00392183603209997,0.0458803844143137,"Insignificant"
114.19811211922,0.0210993727165269,-0.0038175906230397,0.0460163360560935,"Insignificant"
114.520852895333,0.0212194712419469,-0.00371350895241341,0.0461524514363072,"Insignificant"
114.843593671446,0.0213395697673669,-0.00360959070487083,0.0462887302396047,"Insignificant"
115.166334447559,0.0214596682927869,-0.00350583556266583,0.0464251721482397,"Insignificant"
115.489075223672,0.0215797668182069,-0.00340224320568488,0.0465617768420988,"Insignificant"
115.811815999785,0.021699865343627,-0.00329881331147572,0.0466985439987296,"Insignificant"
116.134556775898,0.021819963869047,-0.00319554555527596,0.0468354732933699,"Insignificant"
116.457297552011,0.021940062394467,-0.00309243961004191,0.0469725643989759,"Insignificant"
116.780038328124,0.022060160919887,-0.00298949514647734,0.0471098169862513,"Insignificant"
117.102779104237,0.022180259445307,-0.00288671183306234,0.0472472307236764,"Insignificant"
117.425519880349,0.022300357970727,-0.0027840893360823,0.0473848052775364,"Insignificant"
117.748260656462,0.022420456496147,-0.00268162731965684,0.0475225403119509,"Insignificant"
118.071001432575,0.0225405550215671,-0.00257932544576879,0.0476604354889029,"Insignificant"
118.393742208688,0.0226606535469871,-0.00247718337429333,0.0477984904682674,"Insignificant"
118.716482984801,0.0227807520724071,-0.002375200763027,0.0479367049078411,"Insignificant"
119.039223760914,0.0229008505978271,-0.00227337726771685,0.048075078463371,"Insignificant"
119.361964537027,0.0230209491232471,-0.00217171254208955,0.0482136107885838,"Insignificant"
119.68470531314,0.0231410476486671,-0.00207020623788058,0.0483523015352148,"Insignificant"
120.007446089253,0.0232611461740871,-0.00196885800486336,0.0484911503530376,"Insignificant"
120.330186865366,0.0233812446995071,-0.00186766749087841,0.0486301568898927,"Insignificant"
120.652927641479,0.0235013432249272,-0.00176663434186261,0.0487693207917169,"Insignificant"
120.975668417592,0.0236214417503472,-0.00166575820187829,0.0489086417025726,"Insignificant"
121.298409193705,0.0237415402757672,-0.00156503871314238,0.0490481192646767,"Insignificant"
121.621149969818,0.0238616388011872,-0.00146447551605574,0.0491877531184301,"Insignificant"
121.943890745931,0.0239817373266072,-0.00136406824923205,0.0493275429024465,"Insignificant"
122.266631522044,0.0241018358520272,-0.00126381654952714,0.0494674882535816,"Insignificant"
122.589372298157,0.0242219343774472,-0.00116372005206798,0.0496075888069624,"Insignificant"
122.91211307427,0.0243420329028672,-0.0010637783902818,0.0497478441960163,"Insignificant"
123.234853850383,0.0244621314282872,-0.000963991195925096,0.0498882540524996,"Insignificant"
123.557594626496,0.0245822299537073,-0.000864358099112606,0.0500288180065271,"Insignificant"
123.880335402609,0.0247023284791273,-0.000764878728346345,0.0501695356866009,"Insignificant"
124.203076178722,0.0248224270045473,-0.000665552710544432,0.050310406719639,"Insignificant"
124.525816954835,0.0249425255299673,-0.000566379671069973,0.0504514307310046,"Insignificant"
124.848557730948,0.0250626240553873,-0.000467359233759887,0.0505926073445345,"Insignificant"
125.171298507061,0.0251827225808073,-0.000368491020953616,0.0507339361825683,"Insignificant"
125.494039283174,0.0253028211062273,-0.000269774653521803,0.0508754168659765,"Insignificant"
125.816780059287,0.0254229196316474,-0.000171209750894963,0.0510170490141897,"Insignificant"
126.1395208354,0.0255430181570674,-7.2795931091954e-05,0.0511588322452267,"Insignificant"
126.462261611513,0.0256631166824874,2.54671892515428e-05,0.0513007661757232,"Significant"
126.785002387626,0.0257832152079074,0.000123579994854604,0.0514428504209602,"Significant"
127.107743163739,0.0259033137333274,0.000221542871762757,0.0515850845948921,"Significant"
127.430483939852,0.0260234122587474,0.000319356207319807,0.051727468310175,"Significant"
127.753224715965,0.0261435107841674,0.000417020390139671,0.0518700011781952,"Significant"
128.075965492078,0.0262636093095874,0.000514535810078327,0.0520126828090966,"Significant"
128.398706268191,0.0263837078350075,0.000611902858205948,0.052155512811809,"Significant"
128.721447044304,0.0265038063604275,0.000709121926778966,0.052298490794076,"Significant"
129.044187820417,0.0266239048858475,0.000806193409212373,0.0524416163624826,"Significant"
129.36692859653,0.0267440034112675,0.000903117700052181,0.0525848891224828,"Significant"
129.689669372643,0.0268641019366875,0.000999895194947743,0.0527283086784273,"Significant"
130.012410148755,0.0269842004621075,0.00109652629062446,0.0528718746335906,"Significant"
130.335150924868,0.0271042989875275,0.00119301138485649,0.0530155865901986,"Significant"
130.657891700981,0.0272243975129475,0.00128935087643951,0.0531594441494556,"Significant"
130.980632477094,0.0273444960383676,0.00138554516516377,0.0533034469115714,"Significant"
131.303373253207,0.0274645945637876,0.00148159465178707,0.0534475944757881,"Significant"
131.62611402932,0.0275846930892076,0.00157749973800803,0.0535918864404071,"Significant"
131.948854805433,0.0277047916146276,0.00167326082643946,0.0537363224028157,"Significant"
132.271595581546,0.0278248901400476,0.00176887832058176,0.0538809019595135,"Significant"
132.594336357659,0.0279449886654676,0.00186435262479654,0.0540256247061387,"Significant"
132.917077133772,0.0280650871908876,0.00195968414428046,0.0541704902374948,"Significant"
133.239817909885,0.0281851857163077,0.00205487328503902,0.0543154981475763,"Significant"
133.562558685998,0.0283052842417277,0.00214992045386062,0.0544606480295947,"Significant"
133.885299462111,0.0284253827671477,0.00224482605829082,0.0546059394760045,"Significant"
134.208040238224,0.0285454812925677,0.00233959050660659,0.0547513720785288,"Significant"
134.530781014337,0.0286655798179877,0.00243421420779075,0.0548969454281846,"Significant"
134.85352179045,0.0287856783434077,0.00252869757150682,0.0550426591153086,"Significant"
135.176262566563,0.0289057768688277,0.00262304100807357,0.0551885127295819,"Significant"
135.499003342676,0.0290258753942477,0.0027172449284401,0.0553345058600554,"Significant"
135.821744118789,0.0291459739196678,0.00281130974416099,0.0554806380951745,"Significant"
136.144484894902,0.0292660724450878,0.00290523586737146,0.0556269090228041,"Significant"
136.467225671015,0.0293861709705078,0.00299902371076289,0.0557733182302527,"Significant"
136.789966447128,0.0295062694959278,0.00309267368755844,0.0559198653042971,"Significant"
137.112707223241,0.0296263680213478,0.00318618621148877,0.0560665498312069,"Significant"
137.435447999354,0.0297464665467678,0.00327956169676799,0.0562133713967676,"Significant"
137.758188775467,0.0298665650721878,0.00337280055806986,0.0563603295863058,"Significant"
138.08092955158,0.0299866635976078,0.00346590321050397,0.0565074239847117,"Significant"
138.403670327693,0.0301067621230279,0.00355887006959228,0.0566546541764634,"Significant"
138.726411103806,0.0302268606484479,0.0036517015512457,0.0568020197456501,"Significant"
139.049151879919,0.0303469591738679,0.00374439807174096,0.0569495202759948,"Significant"
139.371892656032,0.0304670576992879,0.00383696004769762,0.0570971553508782,"Significant"
139.694633432145,0.0305871562247079,0.00392938789605518,0.0572449245533606,"Significant"
140.017374208258,0.0307072547501279,0.00402168203405048,0.0573928274662053,"Significant"
140.340114984371,0.0308273532755479,0.00411384287919528,0.0575408636719006,"Significant"
140.662855760484,0.030947451800968,0.00420587084925391,0.057689032752682,"Significant"
140.985596536597,0.031067550326388,0.00429776636222122,0.0578373342905547,"Significant"
141.30833731271,0.031187648851808,0.00438952983630073,0.0579857678673152,"Significant"
141.631078088823,0.031307747377228,0.00448116168988284,0.0581343330645732,"Significant"
141.953818864935,0.031427845902648,0.0045726623415233,0.0582830294637727,"Significant"
142.276559641048,0.031547944428068,0.00466403220992197,0.058431856646214,"Significant"
142.599300417161,0.031668042953488,0.0047552717139016,0.0585808141930745,"Significant"
142.922041193274,0.031788141478908,0.00484638127238686,0.0587299016854292,"Significant"
143.244781969387,0.0319082400043281,0.00493736130438365,0.0588791187042725,"Significant"
143.5675227455,0.0320283385297481,0.00502821222895846,0.0590284648305377,"Significant"
143.890263521613,0.0321484370551681,0.00511893446521804,0.0591779396451181,"Significant"
144.213004297726,0.0322685355805881,0.00520952843228922,0.059327542728887,"Significant"
144.535745073839,0.0323886341060081,0.00529999454929887,0.0594772736627173,"Significant"
144.858485849952,0.0325087326314281,0.00539033323535416,0.0596271320275021,"Significant"
145.181226626065,0.0326288311568481,0.00548054490952294,0.0597771174041733,"Significant"
145.503967402178,0.0327489296822681,0.00557062999081436,0.0599272293737219,"Significant"
145.826708178291,0.0328690282076882,0.00566058889815966,0.0600774675172167,"Significant"
146.149448954404,0.0329891267331082,0.00575042205039309,0.0602278314158232,"Significant"
146.472189730517,0.0331092252585282,0.00584012986623322,0.0603783206508231,"Significant"
146.79493050663,0.0332293237839482,0.00592971276426426,0.0605289348036321,"Significant"
147.117671282743,0.0333494223093682,0.00601917116291762,0.0606796734558188,"Significant"
147.440412058856,0.0334695208347882,0.00610850548045371,0.0608305361891227,"Significant"
147.763152834969,0.0335896193602082,0.00619771613494396,0.0609815225854725,"Significant"
148.085893611082,0.0337097178856283,0.00628680354425298,0.0611326322270035,"Significant"
148.408634387195,0.0338298164110482,0.00637576812602082,0.0612838646960757,"Significant"
148.731375163308,0.0339499149364683,0.00646461029764573,0.0614352195752908,"Significant"
149.054115939421,0.0340700134618883,0.00655333047626683,0.0615866964475097,"Significant"
149.376856715534,0.0341901119873083,0.00664192907874699,0.0617382948958696,"Significant"
149.699597491647,0.0343102105127283,0.0067304065216562,0.0618900145038004,"Significant"
150.02233826776,0.0344303090381483,0.00681876322125472,0.0620418548550419,"Significant"
150.345079043873,0.0345504075635683,0.00690699959347677,0.0621938155336599,"Significant"
150.667819819986,0.0346705060889883,0.00699511605391428,0.0623458961240624,"Significant"
150.990560596099,0.0347906046144084,0.00708311301780075,0.062498096211016,"Significant"
151.313301372212,0.0349107031398284,0.00717099089999547,0.0626504153796613,"Significant"
151.636042148325,0.0350308016652484,0.00725875011496786,0.0628028532155289,"Significant"
151.958782924438,0.0351509001906684,0.00734639107678203,0.0629554093045548,"Significant"
152.281523700551,0.0352709987160884,0.00743391419908139,0.0631080832330954,"Significant"
152.604264476664,0.0353910972415084,0.00752131989507377,0.0632608745879431,"Significant"
152.927005252777,0.0355111957669284,0.00760860857751637,0.0634137829563405,"Significant"
153.24974602889,0.0356312942923484,0.00769578065870122,0.0635668079259957,"Significant"
153.572486805003,0.0357513928177685,0.00778283655044056,0.0637199490850964,"Significant"
153.895227581116,0.0358714913431885,0.00786977666405259,0.0638732060223244,"Significant"
154.217968357229,0.0359915898686085,0.00795660141034744,0.0640265783268695,"Significant"
154.540709133342,0.0361116883940285,0.00804331119961318,0.0641800655884438,"Significant"
154.863449909454,0.0362317869194485,0.00812990644160204,0.064333667397295,"Significant"
155.186190685567,0.0363518854448685,0.00821638754551704,0.06448738334422,"Significant"
155.50893146168,0.0364719839702885,0.00830275491999852,0.0646412130205786,"Significant"
155.831672237793,0.0365920824957085,0.00838900897311097,0.0647951560183061,"Significant"
156.154413013906,0.0367121810211286,0.00847515011233019,0.0649492119299269,"Significant"
156.477153790019,0.0368322795465486,0.00856117874453038,0.0651033803485668,"Significant"
156.799894566132,0.0369523780719686,0.0086470952759716,0.0652576608679656,"Significant"
157.122635342245,0.0370724765973886,0.00873290011228742,0.0654120530824898,"Significant"
157.445376118358,0.0371925751228086,0.00881859365847257,0.0655665565871447,"Significant"
157.768116894471,0.0373126736482286,0.00890417631887096,0.0657211709775863,"Significant"
158.090857670584,0.0374327721736486,0.00898964849716391,0.0658758958501334,"Significant"
158.413598446697,0.0375528706990687,0.00907501059635834,0.066030730801779,"Significant"
158.73633922281,0.0376729692244887,0.00916026301877534,0.066185675430202,"Significant"
159.059079998923,0.0377930677499087,0.00924540616603889,0.0663407293337785,"Significant"
159.381820775036,0.0379131662753287,0.00933044043906465,0.0664958921115927,"Significant"
159.704561551149,0.0380332648007487,0.00941536623804905,0.0666511633634484,"Significant"
160.027302327262,0.0381533633261687,0.00950018396245856,0.0668065426898789,"Significant"
160.350043103375,0.0382734618515887,0.00958489401101896,0.0669620296921585,"Significant"
160.672783879488,0.0383935603770087,0.00966949678170504,0.0671176239723124,"Significant"
160.995524655601,0.0385136589024288,0.00975399267173029,0.0672733251331272,"Significant"
161.318265431714,0.0386337574278488,0.00983838207753681,0.0674291327781607,"Significant"
161.641006207827,0.0387538559532688,0.00992266539478546,0.0675850465117521,"Significant"
161.96374698394,0.0388739544786888,0.010006843018346,0.0677410659390316,"Significant"
162.286487760053,0.0389940530041088,0.0100909153422878,0.0678971906659298,"Significant"
162.609228536166,0.0391141515295288,0.0101748827598701,0.0680534202991876,"Significant"
162.931969312279,0.0392342500549488,0.0102587456635328,0.0682097544463648,"Significant"
163.254710088392,0.0393543485803688,0.0103425044448879,0.0683661927158497,"Significant"
163.577450864505,0.0394744471057889,0.01042615949471,0.0685227347168677,"Significant"
163.900191640618,0.0395945456312089,0.0105097112029278,0.06867938005949,"Significant"
164.222932416731,0.0397146441566289,0.0105931599586155,0.0688361283546423,"Significant"
164.545673192844,0.0398347426820489,0.0106765061499846,0.0689929792141132,"Significant"
164.868413968957,0.0399548412074689,0.0107597501643753,0.0691499322505625,"Significant"
165.19115474507,0.0400749397328889,0.0108428923882487,0.0693069870775292,"Significant"
165.513895521183,0.0401950382583089,0.0109259332071786,0.0694641433094393,"Significant"
165.836636297296,0.040315136783729,0.0110088730058441,0.0696214005616138,"Significant"
166.159377073409,0.040435235309149,0.0110917121680216,0.0697787584502763,"Significant"
166.482117849522,0.040555333834569,0.0111744510765775,0.0699362165925604,"Significant"
166.804858625635,0.040675432359989,0.0112570901134611,0.0700937746065169,"Significant"
167.127599401747,0.040795530885409,0.0113396296596969,0.0702514321111211,"Significant"
167.45034017786,0.040915629410829,0.0114220700953782,0.0704091887262799,"Significant"
167.773080953973,0.041035727936249,0.0115044117996598,0.0705670440728382,"Significant"
168.095821730086,0.041155826461669,0.0115866551507516,0.0707249977725864,"Significant"
168.418562506199,0.0412759249870891,0.0116688005259119,0.0708830494482662,"Significant"
168.741303282312,0.0413960235125091,0.0117508483014407,0.0710411987235774,"Significant"
169.064044058425,0.0415161220379291,0.0118327988526741,0.071199445223184,"Significant"
169.386784834538,0.0416362205633491,0.0119146525539776,0.0713577885727206,"Significant"
169.709525610651,0.0417563190887691,0.0119964097787401,0.0715162283987981,"Significant"
170.032266386764,0.0418764176141891,0.0120780708993687,0.0716747643290095,"Significant"
170.355007162877,0.0419965161396091,0.0121596362872821,0.0718333959919362,"Significant"
170.67774793899,0.0421166146650291,0.0122411063129057,0.0719921230171526,"Significant"
171.000488715103,0.0422367131904492,0.0123224813456658,0.0721509450352324,"Significant"
171.323229491216,0.0423568117158692,0.0124037617539848,0.0723098616777536,"Significant"
171.645970267329,0.0424769102412892,0.012484947905275,0.0724688725773033,"Significant"
171.968711043442,0.0425970087667092,0.012566040165935,0.0726279773674834,"Significant"
172.291451819555,0.0427171072921292,0.0126470389013435,0.0727871756829149,"Significant"
172.614192595668,0.0428372058175492,0.0127279444758553,0.0729464671592431,"Significant"
172.936933371781,0.0429573043429692,0.0128087572527964,0.073105851433142,"Significant"
173.259674147894,0.0430774028683893,0.0128894775944596,0.0732653281423189,"Significant"
173.582414924007,0.0431975013938093,0.0129701058620999,0.0734248969255186,"Significant"
173.90515570012,0.0433175999192293,0.0130506424159306,0.073584557422528,"Significant"
174.227896476233,0.0434376984446493,0.0131310876151186,0.07374430927418,"Significant"
174.550637252346,0.0435577969700693,0.013211441817781,0.0739041521223576,"Significant"
174.873378028459,0.0436778954954893,0.0132917053809808,0.0740640856099978,"Significant"
175.196118804572,0.0437979940209093,0.0133718786607234,0.0742241093810952,"Significant"
175.518859580685,0.0439180925463293,0.0134519620119527,0.074384223080706,"Significant"
175.841600356798,0.0440381910717494,0.0135319557885477,0.0745444263549511,"Significant"
176.164341132911,0.0441582895971694,0.0136118603433188,0.0747047188510199,"Significant"
176.487081909024,0.0442783881225894,0.0136916760280053,0.0748651002171735,"Significant"
176.809822685137,0.0443984866480094,0.013771403193271,0.0750255701027478,"Significant"
177.13256346125,0.0445185851734294,0.0138510421887022,0.0751861281581566,"Significant"
177.455304237363,0.0446386836988494,0.0139305933628041,0.0753467740348947,"Significant"
177.778045013476,0.0447587822242694,0.0140100570629981,0.0755075073855407,"Significant"
178.100785789589,0.0448788807496894,0.0140894336356192,0.0756683278637597,"Significant"
178.423526565702,0.0449989792751095,0.0141687234259131,0.0758292351243058,"Significant"
178.746267341815,0.0451190778005295,0.0142479267780339,0.0759902288230251,"Significant"
179.069008117928,0.0452391763259495,0.0143270440350413,0.0761513086168576,"Significant"
179.391748894041,0.0453592748513695,0.0144060755388989,0.0763124741638401,"Significant"
179.714489670154,0.0454793733767895,0.0144850216304712,0.0764737251231078,"Significant"
180.037230446266,0.0455994719022095,0.0145638826495221,0.0766350611548969,"Significant"
180.359971222379,0.0457195704276295,0.0146426589347125,0.0767964819205466,"Significant"
180.682711998492,0.0458396689530496,0.0147213508235985,0.0769579870825006,"Significant"
181.005452774605,0.0459597674784696,0.0147999586526297,0.0771195763043094,"Significant"
181.328193550718,0.0460798660038896,0.014878482757147,0.0772812492506322,"Significant"
181.650934326831,0.0461999645293096,0.0149569234713816,0.0774430055872376,"Significant"
181.973675102944,0.0463200630547296,0.0150352811284528,0.0776048449810064,"Significant"
182.296415879057,0.0464401615801496,0.0151135560603672,0.077766767099932,"Significant"
182.61915665517,0.0465602601055696,0.0151917485980168,0.0779287716131224,"Significant"
182.941897431283,0.0466803586309896,0.0152698590711778,0.0780908581908015,"Significant"
183.264638207396,0.0468004571564097,0.0153478878085097,0.0782530265043096,"Significant"
183.587378983509,0.0469205556818297,0.0154258351375541,0.0784152762261053,"Significant"
183.910119759622,0.0470406542072497,0.0155037013847332,0.0785776070297661,"Significant"
184.232860535735,0.0471607527326697,0.0155814868753498,0.0787400185899896,"Significant"
184.555601311848,0.0472808512580897,0.0156591919335856,0.0789025105825938,"Significant"
184.878342087961,0.0474009497835097,0.0157368168825008,0.0790650826845187,"Significant"
185.201082864074,0.0475210483089297,0.0158143620440334,0.0792277345738261,"Significant"
185.523823640187,0.0476411468343497,0.0158918277389987,0.0793904659297008,"Significant"
185.8465644163,0.0477612453597697,0.0159692142870885,0.079553276432451,"Significant"
186.169305192413,0.0478813438851898,0.016046522006871,0.0797161657635086,"Significant"
186.492045968526,0.0480014424106098,0.01612375121579,0.0798791336054295,"Significant"
186.814786744639,0.0481215409360298,0.0162009022301652,0.0800421796418944,"Significant"
187.137527520752,0.0482416394614498,0.0162779753651913,0.0802053035577083,"Significant"
187.460268296865,0.0483617379868698,0.0163549709349385,0.0803685050388011,"Significant"
187.783009072978,0.0484818365122898,0.016431889252352,0.0805317837722277,"Significant"
188.105749849091,0.0486019350377098,0.0165087306292522,0.0806951394461675,"Significant"
188.428490625204,0.0487220335631298,0.0165854953763347,0.080858571749925,"Significant"
188.751231401317,0.0488421320885499,0.0166621838031705,0.0810220803739293,"Significant"
189.07397217743,0.0489622306139699,0.0167387962182061,0.0811856650097336,"Significant"
189.396712953543,0.0490823291393899,0.0168153329287641,0.0813493253500156,"Significant"
189.719453729656,0.0492024276648099,0.0168917942410432,0.0815130610885766,"Significant"
190.042194505769,0.0493225261902299,0.0169681804601185,0.0816768719203413,"Significant"
190.364935281882,0.0494426247156499,0.0170444918899427,0.0818407575413572,"Significant"
190.687676057995,0.0495627232410699,0.0171207288333457,0.0820047176487942,"Significant"
191.010416834108,0.0496828217664899,0.0171968915920359,0.082168751940944,"Significant"
191.333157610221,0.04980292029191,0.0172729804666007,0.0823328601172193,"Significant"
191.655898386334,0.04992301881733,0.0173489957565069,0.0824970418781531,"Significant"
191.978639162446,0.05004311734275,0.017424937760102,0.0826612969253979,"Significant"
192.301379938559,0.05016321586817,0.0175008067746147,0.0828256249617253,"Significant"
192.624120714672,0.05028331439359,0.017576603096156,0.0829900256910241,"Significant"
192.946861490785,0.05040341291901,0.0176523270197198,0.0831544988183002,"Significant"
193.269602266898,0.05052351144443,0.0177279788391846,0.0833190440496755,"Significant"
193.592343043011,0.0506436099698501,0.0178035588473137,0.0834836610923865,"Significant"
193.915083819124,0.0507637084952701,0.0178790673357571,0.0836483496547831,"Significant"
194.237824595237,0.0508838070206901,0.0179545045950522,0.083813109446328,"Significant"
194.56056537135,0.0510039055461101,0.0180298709146254,0.0839779401775948,"Significant"
194.883306147463,0.0511240040715301,0.018105166582793,0.0841428415602672,"Significant"
195.206046923576,0.0512441025969501,0.0181803918867627,0.0843078133071375,"Significant"
195.528787699689,0.0513642011223701,0.0182555471126351,0.0844728551321051,"Significant"
195.851528475802,0.0514842996477901,0.0183306325454051,0.0846379667501752,"Significant"
196.174269251915,0.0516043981732102,0.0184056484689631,0.0848031478774572,"Significant"
196.497010028028,0.0517244966986302,0.0184805951660969,0.0849683982311635,"Significant"
196.819750804141,0.0518445952240502,0.018555472918493,0.0851337175296074,"Significant"
197.142491580254,0.0519646937494702,0.0186302820067385,0.0852991054922019,"Significant"
197.465232356367,0.0520847922748902,0.0187050227103224,0.085464561839458,"Significant"
197.78797313248,0.0522048908003102,0.0187796953076378,0.0856300862929826,"Significant"
198.110713908593,0.0523249893257302,0.0188543000759831,0.0857956785754774,"Significant"
198.433454684706,0.0524450878511502,0.0189288372915641,0.0859613384107364,"Significant"
198.756195460819,0.0525651863765703,0.0190033072294958,0.0861270655236447,"Significant"
199.078936236932,0.0526852849019903,0.0190777101638044,0.0862928596401761,"Significant"
199.401677013045,0.0528053834274103,0.0191520463674289,0.0864587204873917,"Significant"
199.724417789158,0.0529254819528303,0.0192263161122233,0.0866246477934373,"Significant"
200.047158565271,0.0530455804782503,0.0193005196689586,0.0867906412875421,"Significant"
200.369899341384,0.0531656790036703,0.0193746573073245,0.0869567007000162,"Significant"
200.692640117497,0.0532857775290903,0.0194487292959321,0.0871228257622486,"Significant"
201.01538089361,0.0534058760545104,0.0195227359023153,0.0872890162067054,"Significant"
201.338121669723,0.0535259745799304,0.0195966773929335,0.0874552717669273,"Significant"
201.660862445836,0.0536460731053504,0.0196705540331733,0.0876215921775274,"Significant"
201.983603221949,0.0537661716307704,0.0197443660873512,0.0877879771741896,"Significant"
202.306343998062,0.0538862701561904,0.0198181138187154,0.0879544264936654,"Significant"
202.629084774175,0.0540063686816104,0.0198917974894483,0.0881209398737725,"Significant"
202.951825550288,0.0541264672070304,0.0199654173606688,0.0882875170533921,"Significant"
203.274566326401,0.0542465657324504,0.0200389736924345,0.0884541577724663,"Significant"
203.597307102514,0.0543666642578705,0.0201124667437443,0.0886208617719966,"Significant"
203.920047878627,0.0544867627832905,0.0201858967725405,0.0887876287940404,"Significant"
204.24278865474,0.0546068613087105,0.0202592640357115,0.0889544585817094,"Significant"
204.565529430853,0.0547269598341305,0.0203325687890941,0.0891213508791669,"Significant"
204.888270206966,0.0548470583595505,0.020405811287476,0.089288305431625,"Significant"
205.211010983078,0.0549671568849705,0.0204789917845983,0.0894553219853427,"Significant"
205.533751759191,0.0550872554103905,0.0205521105331581,0.089622400287623,"Significant"
205.856492535304,0.0552073539358106,0.020625167784811,0.0897895400868101,"Significant"
206.179233311417,0.0553274524612306,0.0206981637901738,0.0899567411322873,"Significant"
206.50197408753,0.0554475509866506,0.0207710987988268,0.0901240031744744,"Significant"
206.824714863643,0.0555676495120706,0.0208439730593168,0.0902913259648244,"Significant"
207.147455639756,0.0556877480374906,0.0209167868191597,0.0904587092558215,"Significant"
207.470196415869,0.0558078465629106,0.0209895403248429,0.0906261528009784,"Significant"
207.792937191982,0.0559279450883306,0.0210622338218283,0.090793656354833,"Significant"
208.115677968095,0.0560480436137506,0.0211348675545548,0.0909612196729465,"Significant"
208.438418744208,0.0561681421391707,0.0212074417664415,0.0911288425118998,"Significant"
208.761159520321,0.0562882406645907,0.0212799566998897,0.0912965246292916,"Significant"
209.083900296434,0.0564083391900107,0.0213524125962865,0.0914642657837349,"Significant"
209.406641072547,0.0565284377154307,0.021424809696007,0.0916320657348544,"Significant"
209.72938184866,0.0566485362408507,0.0214971482384175,0.091799924243284,"Significant"
210.052122624773,0.0567686347662707,0.0215694284618781,0.0919678410706634,"Significant"
210.374863400886,0.0568887332916907,0.0216416506037457,0.0921358159796357,"Significant"
210.697604176999,0.0570088318171107,0.021713814900377,0.0923038487338444,"Significant"
211.020344953112,0.0571289303425307,0.0217859215871311,0.0924719390979303,"Significant"
211.343085729225,0.0572490288679508,0.0218579708983727,0.0926400868375289,"Significant"
211.665826505338,0.0573691273933708,0.0219299630674746,0.0928082917192669,"Significant"
211.988567281451,0.0574892259187908,0.0220018983268214,0.0929765535107602,"Significant"
212.311308057564,0.0576093244442108,0.0220737769078117,0.09314487198061,"Significant"
212.634048833677,0.0577294229696308,0.0221455990408614,0.0933132468984002,"Significant"
212.95678960979,0.0578495214950508,0.0222173649554068,0.0934816780346948,"Significant"
213.279530385903,0.0579696200204709,0.0222890748799076,0.0936501651610341,"Significant"
213.602271162016,0.0580897185458909,0.0223607290418495,0.0938187080499323,"Significant"
213.925011938129,0.0582098170713109,0.0224323276677477,0.0939873064748741,"Significant"
214.247752714242,0.0583299155967309,0.0225038709831498,0.094155960210312,"Significant"
214.570493490355,0.0584500141221509,0.0225753592126388,0.0943246690316629,"Significant"
214.893234266468,0.0585701126475709,0.0226467925798363,0.0944934327153055,"Significant"
215.215975042581,0.0586902111729909,0.0227181713074054,0.0946622510385765,"Significant"
215.538715818694,0.0588103096984109,0.0227894956170538,0.0948311237797681,"Significant"
215.861456594807,0.058930408223831,0.0228607657295371,0.0950000507181248,"Significant"
216.18419737092,0.059050506749251,0.0229319818646618,0.0951690316338402,"Significant"
216.506938147033,0.059170605274671,0.0230031442412882,0.0953380663080537,"Significant"
216.829678923146,0.059290703800091,0.0230742530773341,0.0955071545228479,"Significant"
217.152419699259,0.059410802325511,0.0231453085897772,0.0956762960612448,"Significant"
217.475160475371,0.059530900850931,0.0232163109946589,0.0958454907072031,"Significant"
217.797901251484,0.059650999376351,0.0232872605070869,0.0960147382456151,"Significant"
218.120642027597,0.059771097901771,0.0233581573412389,0.0961840384623031,"Significant"
218.44338280371,0.0598911964271911,0.0234290017103654,0.0963533911440167,"Significant"
218.766123579823,0.0600112949526111,0.0234997938267929,0.0965227960784292,"Significant"
219.088864355936,0.0601313934780311,0.0235705339019273,0.0966922530541349,"Significant"
219.411605132049,0.0602514920034511,0.0236412221462567,0.0968617618606454,"Significant"
219.734345908162,0.0603715905288711,0.0237118587693553,0.097031322288387,"Significant"
220.057086684275,0.0604916890542911,0.0237824439798856,0.0972009341286966,"Significant"
220.379827460388,0.0606117875797111,0.0238529779856026,0.0973705971738196,"Significant"
220.702568236501,0.0607318861051312,0.0239234609933564,0.0975403112169059,"Significant"
221.025309012614,0.0608519846305512,0.0239938932090955,0.0977100760520069,"Significant"
221.348049788727,0.0609720831559712,0.0240642748378701,0.0978798914740723,"Significant"
221.67079056484,0.0610921816813912,0.0241346060838354,0.0980497572789469,"Significant"
221.993531340953,0.0612122802068112,0.0242048871502549,0.0982196732633675,"Significant"
222.316272117066,0.0613323787322312,0.0242751182395031,0.0983896392249593,"Significant"
222.639012893179,0.0614524772576512,0.0243452995530695,0.0985596549622329,"Significant"
222.961753669292,0.0615725757830712,0.0244154312915612,0.0987297202745813,"Significant"
223.284494445405,0.0616926743084912,0.0244855136547064,0.0988998349622761,"Significant"
223.607235221518,0.0618127728339113,0.0245555468413577,0.0990699988264648,"Significant"
223.929975997631,0.0619328713593313,0.0246255310494954,0.0992402116691672,"Significant"
224.252716773744,0.0620529698847513,0.0246954664762303,0.0994104732932722,"Significant"
224.575457549857,0.0621730684101713,0.0247653533178077,0.099580783502535,"Significant"
224.89819832597,0.0622931669355913,0.0248351917696097,0.0997511421015729,"Significant"
225.220939102083,0.0624132654610113,0.0249049820261594,0.0999215488958633,"Significant"
225.543679878196,0.0625333639864313,0.0249747242811234,0.100092003691739,"Significant"
225.866420654309,0.0626534625118513,0.0250444187273156,0.100262506296387,"Significant"
226.189161430422,0.0627735610372714,0.0251140655567001,0.100433056517843,"Significant"
226.511902206535,0.0628936595626914,0.0251836649603945,0.100603654164988,"Significant"
226.834642982648,0.0630137580881114,0.0252532171286733,0.100774299047549,"Significant"
227.157383758761,0.0631338566135314,0.0253227222509711,0.100944990976092,"Significant"
227.480124534874,0.0632539551389514,0.0253921805158856,0.101115729762017,"Significant"
227.802865310987,0.0633740536643714,0.0254615921111813,0.101286515217562,"Significant"
228.1256060871,0.0634941521897914,0.0255309572237924,0.10145734715579,"Significant"
228.448346863213,0.0636142507152114,0.0256002760398261,0.101628225390597,"Significant"
228.771087639326,0.0637343492406315,0.0256695487445659,0.101799149736697,"Significant"
229.093828415439,0.0638544477660515,0.0257387755224748,0.101970120009628,"Significant"
229.416569191552,0.0639745462914715,0.0258079565571988,0.102141136025744,"Significant"
229.739309967664,0.0640946448168915,0.0258770920315695,0.102312197602214,"Significant"
230.062050743777,0.0642147433423115,0.0259461821276081,0.102483304557015,"Significant"
230.38479151989,0.0643348418677315,0.026015227026528,0.102654456708935,"Significant"
230.707532296003,0.0644549403931515,0.0260842269087385,0.102825653877565,"Significant"
231.030273072116,0.0645750389185716,0.0261531819538478,0.102996895883295,"Significant"
231.353013848229,0.0646951374439916,0.026222092340666,0.103168182547317,"Significant"
231.675754624342,0.0648152359694116,0.026290958247209,0.103339513691614,"Significant"
231.998495400455,0.0649353344948316,0.0263597798507008,0.103510889138962,"Significant"
232.321236176568,0.0650554330202516,0.0264285573275775,0.103682308712926,"Significant"
232.643976952681,0.0651755315456716,0.0264972908534902,0.103853772237853,"Significant"
232.966717728794,0.0652956300710916,0.026565980603308,0.104025279538875,"Significant"
233.289458504907,0.0654157285965116,0.0266346267511216,0.104196830441902,"Significant"
233.61219928102,0.0655358271219317,0.0267032294702462,0.104368424773617,"Significant"
233.934940057133,0.0656559256473517,0.0267717889332248,0.104540062361479,"Significant"
234.257680833246,0.0657760241727717,0.0268403053118315,0.104711743033712,"Significant"
234.580421609359,0.0658961226981917,0.0269087787770742,0.104883466619309,"Significant"
234.903162385472,0.0660162212236117,0.0269772094991986,0.105055232948025,"Significant"
235.225903161585,0.0661363197490317,0.0270455976476906,0.105227041850373,"Significant"
235.548643937698,0.0662564182744517,0.0271139433912798,0.105398893157624,"Significant"
235.871384713811,0.0663765167998717,0.0271822468979427,0.105570786701801,"Significant"
236.194125489924,0.0664966153252918,0.0272505083349058,0.105742722315678,"Significant"
236.516866266037,0.0666167138507118,0.0273187278686486,0.105914699832775,"Significant"
236.83960704215,0.0667368123761318,0.0273869056649069,0.106086719087357,"Significant"
237.162347818263,0.0668569109015518,0.0274550418886762,0.106258779914427,"Significant"
237.485088594376,0.0669770094269718,0.027523136704214,0.10643088214973,"Significant"
237.807829370489,0.0670971079523918,0.027591190275044,0.10660302562974,"Significant"
238.130570146602,0.0672172064778118,0.0276592027639585,0.106775210191665,"Significant"
238.453310922715,0.0673373050032319,0.0277271743330214,0.106947435673442,"Significant"
238.776051698828,0.0674574035286519,0.0277951051435721,0.107119701913732,"Significant"
239.098792474941,0.0675775020540719,0.0278629953562277,0.107292008751916,"Significant"
239.421533251054,0.0676976005794919,0.0279308451308868,0.107464356028097,"Significant"
239.744274027167,0.0678176991049119,0.027998654626732,0.107636743583092,"Significant"
240.06701480328,0.0679377976303319,0.0280664240022335,0.10780917125843,"Significant"
240.389755579393,0.0680578961557519,0.0281341534151518,0.107981638896352,"Significant"
240.712496355506,0.0681779946811719,0.0282018430225409,0.108154146339803,"Significant"
241.035237131619,0.068298093206592,0.0282694929807513,0.108326693432433,"Significant"
241.357977907732,0.068418191732012,0.0283371034454332,0.108499280018591,"Significant"
241.680718683845,0.068538290257432,0.0284046745715394,0.108671905943325,"Significant"
242.003459459958,0.068658388782852,0.0284722065133285,0.108844571052376,"Significant"
242.32620023607,0.068778487308272,0.0285396994243674,0.109017275192177,"Significant"
242.648941012183,0.068898585833692,0.0286071534575353,0.109190018209849,"Significant"
242.971681788296,0.069018684359112,0.0286745687650257,0.109362799953198,"Significant"
243.294422564409,0.069138782884532,0.0287419454983498,0.109535620270714,"Significant"
243.617163340522,0.0692588814099521,0.02880928380834,0.109708479011564,"Significant"
243.939904116635,0.0693789799353721,0.0288765838451519,0.109881376025592,"Significant"
244.262644892748,0.0694990784607921,0.0289438457582681,0.110054311163316,"Significant"
244.585385668861,0.0696191769862121,0.0290110696965007,0.110227284275924,"Significant"
244.908126444974,0.0697392755116321,0.0290782558079945,0.11040029521527,"Significant"
245.230867221087,0.0698593740370521,0.02914540424023,0.110573343833874,"Significant"
245.5536079972,0.0699794725624721,0.0292125151400261,0.110746429984918,"Significant"
245.876348773313,0.0700995710878922,0.0292795886535431,0.110919553522241,"Significant"
246.199089549426,0.0702196696133121,0.0293466249262858,0.111092714300338,"Significant"
246.521830325539,0.0703397681387322,0.0294136241031064,0.111265912174358,"Significant"
246.844571101652,0.0704598666641522,0.0294805863282072,0.111439147000097,"Significant"
247.167311877765,0.0705799651895722,0.0295475117451436,0.111612418634001,"Significant"
247.490052653878,0.0707000637149922,0.0296144004968271,0.111785726933157,"Significant"
247.812793429991,0.0708201622404122,0.0296812527255282,0.111959071755296,"Significant"
248.135534206104,0.0709402607658322,0.029748068572879,0.112132452958785,"Significant"
248.458274982217,0.0710603592912522,0.0298148481798765,0.112305870402628,"Significant"
248.78101575833,0.0711804578166722,0.0298815916868848,0.11247932394646,"Significant"
249.103756534443,0.0713005563420923,0.0299482992336389,0.112652813450546,"Significant"
249.426497310556,0.0714206548675123,0.0300149709592467,0.112826338775778,"Significant"
249.749238086669,0.0715407533929323,0.030081607002192,0.112999899783673,"Significant"
250.071978862782,0.0716608519183523,0.0301482075003379,0.113173496336367,"Significant"
250.394719638895,0.0717809504437723,0.0302147725909287,0.113347128296616,"Significant"
250.717460415008,0.0719010489691923,0.0302813024105935,0.113520795527791,"Significant"
251.040201191121,0.0720211474946123,0.0303477970953485,0.113694497893876,"Significant"
251.362941967234,0.0721412460200324,0.0304142567806001,0.113868235259465,"Significant"
251.685682743347,0.0722613445454524,0.0304806816011474,0.114042007489757,"Significant"
252.00842351946,0.0723814430708724,0.0305470716911853,0.11421581445056,"Significant"
252.331164295573,0.0725015415962924,0.0306134271843067,0.114389656008278,"Significant"
252.653905071686,0.0726216401217124,0.030679748213506,0.114563532029919,"Significant"
252.976645847799,0.0727417386471324,0.0307460349111812,0.114737442383084,"Significant"
253.299386623912,0.0728618371725525,0.030812287409137,0.114911386935968,"Significant"
253.622127400025,0.0729819356979725,0.0308785058385873,0.115085365557358,"Significant"
253.944868176138,0.0731020342233925,0.030944690330158,0.115259378116627,"Significant"
254.267608952251,0.0732221327488125,0.0310108410138899,0.115433424483735,"Significant"
254.590349728363,0.0733422312742325,0.0310769580192409,0.115607504529224,"Significant"
254.913090504476,0.0734623297996525,0.0311430414750892,0.115781618124216,"Significant"
255.235831280589,0.0735824283250725,0.0312090915097357,0.115955765140409,"Significant"
255.558572056702,0.0737025268504925,0.0312751082509067,0.116129945450078,"Significant"
255.881312832815,0.0738226253759126,0.0313410918257564,0.116304158926069,"Significant"
256.204053608928,0.0739427239013326,0.03140704236087,0.116478405441795,"Significant"
256.526794385041,0.0740628224267526,0.0314729599822658,0.116652684871239,"Significant"
256.849535161154,0.0741829209521726,0.0315388448153982,0.116826997088947,"Significant"
257.172275937267,0.0743030194775926,0.0316046969851601,0.117001341970025,"Significant"
257.49501671338,0.0744231180030126,0.0316705166158857,0.11717571939014,"Significant"
257.817757489493,0.0745432165284326,0.0317363038313527,0.117350129225513,"Significant"
258.140498265606,0.0746633150538526,0.0318020587547855,0.11752457135292,"Significant"
258.463239041719,0.0747834135792727,0.0318677815088571,0.117699045649688,"Significant"
258.785979817832,0.0749035121046927,0.0319334722156924,0.117873551993693,"Significant"
259.108720593945,0.0750236106301127,0.0319991309968699,0.118048090263355,"Significant"
259.431461370058,0.0751437091555327,0.0320647579734249,0.11822266033764,"Significant"
259.754202146171,0.0752638076809527,0.032130353265852,0.118397262096053,"Significant"
260.076942922284,0.0753839062063727,0.0321959169941072,0.118571895418638,"Significant"
260.399683698397,0.0755040047317927,0.0322614492776107,0.118746560185975,"Significant"
260.72242447451,0.0756241032572127,0.0323269502352494,0.118921256279176,"Significant"
261.045165250623,0.0757442017826327,0.0323924199853796,0.119095983579886,"Significant"
261.367906026736,0.0758643003080528,0.0324578586458289,0.119270741970277,"Significant"
261.690646802849,0.0759843988334728,0.0325232663338993,0.119445531333046,"Significant"
262.013387578962,0.0761044973588928,0.0325886431663692,0.119620351551416,"Significant"
262.336128355075,0.0762245958843128,0.0326539892594962,0.119795202509129,"Significant"
262.658869131188,0.0763446944097328,0.0327193047290193,0.119970084090446,"Significant"
262.981609907301,0.0764647929351528,0.0327845896901616,0.120144996180144,"Significant"
263.304350683414,0.0765848914605728,0.0328498442576324,0.120319938663513,"Significant"
263.627091459527,0.0767049899859928,0.0329150685456298,0.120494911426356,"Significant"
263.94983223564,0.0768250885114129,0.0329802626678432,0.120669914354982,"Significant"
264.272573011753,0.0769451870368329,0.0330454267374556,0.12084494733621,"Significant"
264.595313787866,0.0770652855622529,0.0331105608671457,0.12102001025736,"Significant"
264.918054563979,0.0771853840876729,0.0331756651690908,0.121195103006255,"Significant"
265.240795340092,0.0773054826130929,0.033240739754969,0.121370225471217,"Significant"
265.563536116205,0.0774255811385129,0.0333057847359612,0.121545377541065,"Significant"
265.886276892318,0.0775456796639329,0.033370800222754,0.121720559105112,"Significant"
266.209017668431,0.077665778189353,0.0334357863255416,0.121895770053164,"Significant"
